topology,scenario,k,delay,phase1_mlu,current_apg_mlu,predictive_mlu,oracle_mlu,predictive_vs_phase1,predictive_vs_currapg,predictive_delta_mean_pct,abl_delta_mean_vs_currapg_pct
abilene,flash_crowd,10,0,0.059516,0.053862,0.053862,0.054011,TIE,TIE,-9.500,+0.000
abilene,flash_crowd,10,1,0.062177,0.057706,0.057706,0.057925,TIE,TIE,-7.190,+0.000
abilene,flash_crowd,10,2,0.063731,0.059015,0.059415,0.059180,TIE,LOSS,-6.772,+0.676
abilene,flash_crowd,20,0,0.052710,0.052710,0.052710,0.052710,TIE,TIE,+0.000,-0.000
abilene,flash_crowd,20,1,0.057352,0.057014,0.058218,0.057014,LOSS,LOSS,+1.510,+2.112
abilene,flash_crowd,20,2,0.059502,0.058979,0.058979,0.059190,WIN,TIE,-0.880,+0.000
abilene,flash_crowd,40,0,0.052601,0.052601,0.052601,0.052601,TIE,TIE,-0.000,+0.000
abilene,flash_crowd,40,1,0.057049,0.056305,0.056305,0.056305,WIN,TIE,-1.304,+0.000
abilene,flash_crowd,40,2,0.059905,0.057877,0.057877,0.057877,WIN,TIE,-3.385,+0.000
abilene,normal,10,0,0.059516,0.053290,0.053258,0.053284,TIE,TIE,-10.514,-0.060
abilene,normal,10,1,0.061900,0.057262,0.056955,0.056911,TIE,TIE,-7.988,-0.537
abilene,normal,10,2,0.063177,0.058900,0.059299,0.059065,TIE,LOSS,-6.138,+0.678
abilene,normal,20,0,0.052520,0.052553,0.052520,0.052546,TIE,TIE,+0.000,-0.063
abilene,normal,20,1,0.056557,0.056193,0.057053,0.056744,LOSS,TIE,+0.878,+1.530
abilene,normal,20,2,0.058479,0.057856,0.058205,0.058285,LOSS,WIN,-0.469,+0.603
abilene,normal,40,0,0.052516,0.052516,0.052516,0.052516,TIE,TIE,-0.000,+0.000
abilene,normal,40,1,0.055931,0.055783,0.055783,0.055783,TIE,TIE,-0.264,+0.000
abilene,normal,40,2,0.057543,0.056993,0.056993,0.056993,WIN,TIE,-0.955,+0.000
abilene,ramp_up,10,0,0.077681,0.070281,0.070281,0.070281,TIE,TIE,-9.525,+0.000
abilene,ramp_up,10,1,0.081700,0.074597,0.074597,0.074597,TIE,TIE,-8.693,+0.000
abilene,ramp_up,10,2,0.083790,0.076934,0.076934,0.076934,TIE,TIE,-8.183,+0.000
abilene,ramp_up,20,0,0.070271,0.070271,0.070271,0.070271,TIE,TIE,-0.000,-0.000
abilene,ramp_up,20,1,0.075072,0.075023,0.074875,0.075023,WIN,TIE,-0.262,-0.198
abilene,ramp_up,20,2,0.077721,0.077791,0.077791,0.077791,TIE,TIE,+0.089,+0.000
abilene,ramp_up,40,0,0.070271,0.070271,0.070271,0.070271,TIE,TIE,+0.000,+0.000
abilene,ramp_up,40,1,0.074755,0.074787,0.074787,0.074787,WIN,TIE,+0.042,+0.000
abilene,ramp_up,40,2,0.077143,0.076344,0.076344,0.076344,WIN,TIE,-1.036,+0.000
abilene,spike_2x,10,0,0.061275,0.056057,0.056057,0.056207,WIN,TIE,-8.515,+0.000
abilene,spike_2x,10,1,0.064391,0.060192,0.060192,0.060411,WIN,TIE,-6.521,+0.000
abilene,spike_2x,10,2,0.065914,0.061463,0.061862,0.061628,WIN,TIE,-6.147,+0.649
abilene,spike_2x,20,0,0.055443,0.055443,0.055443,0.055443,TIE,TIE,-0.000,-0.000
abilene,spike_2x,20,1,0.060039,0.060023,0.060420,0.060023,WIN,WIN,+0.635,+0.662
abilene,spike_2x,20,2,0.062142,0.061798,0.061798,0.061798,TIE,TIE,-0.553,+0.000
abilene,spike_2x,40,0,0.055439,0.055439,0.055439,0.055439,TIE,TIE,+0.000,+0.000
abilene,spike_2x,40,1,0.059171,0.059389,0.059389,0.059389,LOSS,TIE,+0.368,+0.000
abilene,spike_2x,40,2,0.060781,0.061101,0.061101,0.061101,LOSS,TIE,+0.527,+0.000
cernet,flash_crowd,10,0,1654.692536,1665.157309,1665.303914,1663.861628,TIE,TIE,+0.641,+0.009
cernet,flash_crowd,10,1,1629.152627,1649.034097,1644.083152,1644.083152,TIE,TIE,+0.916,-0.300
cernet,flash_crowd,10,2,1625.590523,1647.534552,1641.536816,1641.536816,TIE,TIE,+0.981,-0.364
cernet,flash_crowd,20,0,1596.320358,1596.035237,1596.035237,1596.035237,TIE,TIE,-0.018,+0.000
cernet,flash_crowd,20,1,1593.186159,1592.286950,1592.286950,1589.553432,TIE,TIE,-0.056,+0.000
cernet,flash_crowd,20,2,1594.342220,1594.617394,1594.617394,1594.617394,TIE,TIE,+0.017,+0.000
cernet,flash_crowd,40,0,1530.664251,1547.413159,1547.158921,1547.158921,LOSS,TIE,+1.078,-0.016
cernet,flash_crowd,40,1,1538.175894,1553.336446,1553.336446,1553.105855,TIE,TIE,+0.986,+0.000
cernet,flash_crowd,40,2,1536.790861,1552.415403,1552.073567,1552.126741,TIE,TIE,+0.994,-0.022
cernet,normal,10,0,1649.969736,1660.581763,1660.728368,1659.286082,TIE,TIE,+0.652,+0.009
cernet,normal,10,1,1647.656967,1658.508832,1658.176746,1656.879359,TIE,TIE,+0.638,-0.020
cernet,normal,10,2,1621.506927,1636.899088,1637.491834,1637.414936,TIE,TIE,+0.986,+0.036
cernet,normal,20,0,1585.158727,1589.904305,1589.904305,1586.002853,TIE,TIE,+0.299,+0.000
cernet,normal,20,1,1588.610614,1587.711404,1587.711404,1584.977886,TIE,TIE,-0.057,+0.000
cernet,normal,20,2,1591.201861,1590.623715,1590.623715,1590.623715,TIE,TIE,-0.036,+0.000
cernet,normal,40,0,1547.365062,1548.997327,1548.997327,1549.661953,TIE,TIE,+0.105,+0.000
cernet,normal,40,1,1535.550449,1539.870118,1539.870118,1539.870118,TIE,TIE,+0.281,+0.000
cernet,normal,40,2,1532.949728,1537.002692,1537.002692,1537.002692,TIE,TIE,+0.264,+0.000
cernet,ramp_up,10,0,1650.069280,1673.499209,1673.499209,1673.499209,TIE,TIE,+1.420,+0.000
cernet,ramp_up,10,1,1682.282541,1686.860237,1686.860237,1686.860237,TIE,TIE,+0.272,+0.000
cernet,ramp_up,10,2,1650.807146,1674.804623,1674.804623,1674.804623,TIE,TIE,+1.454,+0.000
cernet,ramp_up,20,0,1621.945354,1624.715138,1624.715138,1624.715138,TIE,TIE,+0.171,+0.000
cernet,ramp_up,20,1,1627.170193,1632.795372,1632.795372,1632.795372,TIE,TIE,+0.346,+0.000
cernet,ramp_up,20,2,1632.787201,1623.723942,1623.723942,1626.554711,TIE,TIE,-0.555,+0.000
cernet,ramp_up,40,0,1587.988577,1591.271973,1591.271973,1591.271973,TIE,TIE,+0.207,+0.000
cernet,ramp_up,40,1,1581.474545,1591.462259,1591.462259,1592.986793,TIE,TIE,+0.632,+0.000
cernet,ramp_up,40,2,1581.485730,1591.236613,1591.236613,1593.216449,TIE,TIE,+0.617,+0.000
cernet,spike_2x,10,0,1649.495089,1657.543732,1657.543732,1656.101447,TIE,TIE,+0.488,+0.000
cernet,spike_2x,10,1,1627.570404,1639.513016,1639.905320,1639.974345,TIE,TIE,+0.758,+0.024
cernet,spike_2x,10,2,1624.649358,1636.899088,1637.491834,1637.414936,TIE,TIE,+0.790,+0.036
cernet,spike_2x,20,0,1597.267297,1598.578374,1598.578374,1598.578374,TIE,TIE,+0.082,+0.000
cernet,spike_2x,20,1,1595.045168,1590.456534,1590.456534,1588.946564,TIE,TIE,-0.288,+0.000
cernet,spike_2x,20,2,1592.373781,1587.544229,1587.544229,1586.056335,TIE,TIE,-0.303,+0.000
cernet,spike_2x,40,0,1534.280310,1554.475705,1554.221467,1554.221467,LOSS,TIE,+1.300,-0.016
cernet,spike_2x,40,1,1561.197905,1561.246518,1561.246518,1561.246518,TIE,TIE,+0.003,+0.000
cernet,spike_2x,40,2,1558.761111,1559.227608,1559.227608,1559.227608,TIE,TIE,+0.030,+0.000
ebone,flash_crowd,10,0,360.620899,360.620899,360.620899,360.620899,TIE,TIE,+0.000,+0.000
ebone,flash_crowd,10,1,363.880448,363.872215,363.872215,363.872215,TIE,TIE,-0.002,+0.000
ebone,flash_crowd,10,2,362.432888,362.432888,362.432888,362.432888,TIE,TIE,+0.000,+0.000
ebone,flash_crowd,20,0,360.620899,360.620899,360.620899,360.620899,TIE,TIE,-0.000,+0.000
ebone,flash_crowd,20,1,363.404393,363.279769,363.537906,363.537906,TIE,TIE,+0.037,+0.071
ebone,flash_crowd,20,2,363.456886,363.478553,363.478553,363.448195,TIE,TIE,+0.006,+0.000
ebone,flash_crowd,40,0,360.620899,360.620899,360.620899,360.620899,TIE,TIE,+0.000,+0.000
ebone,flash_crowd,40,1,363.541346,363.115664,363.681482,363.115664,TIE,TIE,+0.039,+0.156
ebone,flash_crowd,40,2,363.048839,363.035427,363.035427,362.822749,TIE,TIE,-0.004,+0.000
ebone,normal,10,0,360.620899,360.620899,360.620899,360.620899,TIE,TIE,-0.000,+0.000
ebone,normal,10,1,363.392904,363.392904,363.392904,363.392904,TIE,TIE,+0.000,+0.000
ebone,normal,10,2,362.727318,362.725093,362.725093,362.725093,TIE,TIE,-0.001,+0.000
ebone,normal,20,0,360.620899,360.620899,360.620899,360.620899,TIE,TIE,+0.000,-0.000
ebone,normal,20,1,363.921768,363.833981,363.833981,363.833981,TIE,TIE,-0.024,+0.000
ebone,normal,20,2,362.604728,363.286585,362.756714,362.756714,TIE,TIE,+0.042,-0.146
ebone,normal,40,0,360.620899,360.620899,360.620899,360.620899,TIE,TIE,-0.000,-0.000
ebone,normal,40,1,363.421877,363.340294,363.340294,363.170973,TIE,TIE,-0.022,+0.000
ebone,normal,40,2,363.411704,363.128092,363.289283,363.128092,TIE,TIE,-0.034,+0.044
ebone,ramp_up,10,0,388.505933,388.505933,388.505933,388.505933,TIE,TIE,+0.000,+0.000
ebone,ramp_up,10,1,392.598658,392.598658,392.598658,392.598658,TIE,TIE,+0.000,+0.000
ebone,ramp_up,10,2,392.990517,392.779652,392.779652,392.779652,TIE,TIE,-0.054,+0.000
ebone,ramp_up,20,0,388.505933,388.505933,388.505933,388.505933,TIE,TIE,-0.000,-0.000
ebone,ramp_up,20,1,394.274156,392.929465,392.929465,392.929465,TIE,TIE,-0.341,+0.000
ebone,ramp_up,20,2,394.128205,395.079249,394.055595,394.055595,TIE,TIE,-0.018,-0.259
ebone,ramp_up,40,0,388.505933,388.505933,388.505933,388.505933,TIE,TIE,+0.000,-0.000
ebone,ramp_up,40,1,393.136343,393.882102,393.882102,392.828257,TIE,TIE,+0.190,+0.000
ebone,ramp_up,40,2,395.486215,393.538346,394.797730,393.538346,TIE,TIE,-0.174,+0.320
ebone,spike_2x,10,0,363.261430,363.261430,363.261430,363.261430,TIE,TIE,+0.000,+0.000
ebone,spike_2x,10,1,366.754520,367.169775,367.169775,367.169775,TIE,TIE,+0.113,+0.000
ebone,spike_2x,10,2,365.485193,365.485193,365.485193,365.485193,TIE,TIE,+0.000,+0.000
ebone,spike_2x,20,0,363.261430,363.261430,363.261430,363.261430,TIE,TIE,-0.000,+0.000
ebone,spike_2x,20,1,366.274054,366.657741,366.767949,366.767949,TIE,TIE,+0.135,+0.030
ebone,spike_2x,20,2,367.230749,367.277369,367.277369,367.259311,TIE,TIE,+0.013,+0.000
ebone,spike_2x,40,0,363.261430,363.261430,363.261430,363.261430,TIE,TIE,+0.000,+0.000
ebone,spike_2x,40,1,366.979117,366.657229,367.060399,366.657229,TIE,TIE,+0.022,+0.110
ebone,spike_2x,40,2,366.391743,366.442712,366.442712,366.168257,LOSS,TIE,+0.014,+0.000
geant,flash_crowd,10,0,0.154364,0.152393,0.152393,0.152393,WIN,TIE,-1.277,+0.000
geant,flash_crowd,10,1,0.158027,0.156758,0.156758,0.156758,WIN,TIE,-0.803,+0.000
geant,flash_crowd,10,2,0.161412,0.158767,0.158767,0.158767,WIN,TIE,-1.638,+0.000
geant,flash_crowd,20,0,0.152315,0.150383,0.150383,0.150383,TIE,TIE,-1.268,+0.000
geant,flash_crowd,20,1,0.157269,0.154897,0.154897,0.154897,TIE,TIE,-1.508,+0.000
geant,flash_crowd,20,2,0.159872,0.157324,0.157324,0.159045,TIE,TIE,-1.594,+0.000
geant,flash_crowd,40,0,0.149469,0.148576,0.148576,0.148576,TIE,TIE,-0.598,+0.000
geant,flash_crowd,40,1,0.153161,0.152894,0.152894,0.153242,TIE,TIE,-0.174,+0.000
geant,flash_crowd,40,2,0.155226,0.155357,0.155357,0.155357,TIE,TIE,+0.084,+0.000
geant,normal,10,0,0.152397,0.152393,0.152393,0.152393,TIE,TIE,-0.003,+0.000
geant,normal,10,1,0.159430,0.156758,0.156758,0.156758,WIN,TIE,-1.676,+0.000
geant,normal,10,2,0.161412,0.158767,0.158767,0.158767,WIN,TIE,-1.638,+0.000
geant,normal,20,0,0.152315,0.150383,0.150383,0.150383,TIE,TIE,-1.268,+0.000
geant,normal,20,1,0.157276,0.154899,0.154899,0.154899,TIE,TIE,-1.511,+0.000
geant,normal,20,2,0.159870,0.157316,0.157316,0.159037,TIE,TIE,-1.597,+0.000
geant,normal,40,0,0.148936,0.148243,0.148243,0.148243,TIE,TIE,-0.465,+0.000
geant,normal,40,1,0.154483,0.153267,0.153267,0.152964,TIE,TIE,-0.787,+0.000
geant,normal,40,2,0.156789,0.155454,0.155454,0.154865,WIN,TIE,-0.851,+0.000
geant,ramp_up,10,0,0.236154,0.236154,0.236154,0.236154,TIE,TIE,-0.000,+0.000
geant,ramp_up,10,1,0.245097,0.243857,0.243857,0.243857,TIE,TIE,-0.506,+0.000
geant,ramp_up,10,2,0.249242,0.248728,0.248728,0.248728,TIE,TIE,-0.206,+0.000
geant,ramp_up,20,0,0.236154,0.234222,0.234222,0.234222,TIE,TIE,-0.818,+0.000
geant,ramp_up,20,1,0.244729,0.242743,0.242743,0.242571,TIE,TIE,-0.812,+0.000
geant,ramp_up,20,2,0.249560,0.248090,0.248090,0.247990,TIE,TIE,-0.589,+0.000
geant,ramp_up,40,0,0.232458,0.232082,0.232082,0.232082,TIE,TIE,-0.161,+0.000
geant,ramp_up,40,1,0.242487,0.241246,0.241246,0.240164,TIE,TIE,-0.512,+0.000
geant,ramp_up,40,2,0.247816,0.245492,0.245492,0.245492,TIE,TIE,-0.938,+0.000
geant,spike_2x,10,0,0.170523,0.168552,0.168552,0.168552,TIE,TIE,-1.156,+0.000
geant,spike_2x,10,1,0.174813,0.173445,0.173445,0.173445,TIE,TIE,-0.783,+0.000
geant,spike_2x,10,2,0.177702,0.175829,0.175829,0.175829,TIE,TIE,-1.054,+0.000
geant,spike_2x,20,0,0.168474,0.166542,0.166542,0.166542,TIE,TIE,-1.147,+0.000
geant,spike_2x,20,1,0.174051,0.171422,0.171422,0.171422,TIE,TIE,-1.511,+0.000
geant,spike_2x,20,2,0.177118,0.174041,0.174041,0.175762,TIE,TIE,-1.737,+0.000
geant,spike_2x,40,0,0.165628,0.164735,0.164735,0.164735,TIE,TIE,-0.539,+0.000
geant,spike_2x,40,1,0.171299,0.169851,0.170349,0.170458,TIE,TIE,-0.555,+0.293
geant,spike_2x,40,2,0.174145,0.172165,0.173216,0.173437,TIE,TIE,-0.533,+0.611
germany50,flash_crowd,10,0,20.282711,19.788594,19.788594,19.788594,TIE,TIE,-2.436,+0.000
germany50,flash_crowd,10,1,21.333112,20.876149,20.876149,20.876149,TIE,TIE,-2.142,+0.000
germany50,flash_crowd,10,2,21.718492,21.289308,21.289308,21.289308,TIE,TIE,-1.976,+0.000
germany50,flash_crowd,20,0,19.663172,19.036915,18.995733,19.039509,WIN,TIE,-3.394,-0.216
germany50,flash_crowd,20,1,20.576818,20.153676,20.151805,20.132912,WIN,TIE,-2.065,-0.009
germany50,flash_crowd,20,2,21.024672,20.252805,20.252805,20.685165,WIN,TIE,-3.671,+0.000
germany50,flash_crowd,40,0,18.935455,18.868794,18.868794,18.868794,TIE,TIE,-0.352,+0.000
germany50,flash_crowd,40,1,20.040359,19.849095,19.849095,19.890437,TIE,TIE,-0.954,+0.000
germany50,flash_crowd,40,2,20.705942,20.306185,20.306185,20.380166,TIE,TIE,-1.931,+0.000
germany50,normal,10,0,20.282711,19.788594,19.788594,19.788594,TIE,TIE,-2.436,+0.000
germany50,normal,10,1,21.333112,20.876149,20.876149,20.876149,TIE,TIE,-2.142,+0.000
germany50,normal,10,2,21.718492,21.289308,21.289308,21.289308,TIE,TIE,-1.976,+0.000
germany50,normal,20,0,19.663172,19.036915,18.995733,19.039509,WIN,TIE,-3.394,-0.216
germany50,normal,20,1,20.576818,20.153676,20.151805,20.132912,WIN,TIE,-2.065,-0.009
germany50,normal,20,2,21.024672,20.252805,20.252805,20.685165,WIN,TIE,-3.671,+0.000
germany50,normal,40,0,18.935455,18.868794,18.868794,18.868794,TIE,TIE,-0.352,+0.000
germany50,normal,40,1,20.040359,19.849095,19.849095,19.890437,TIE,TIE,-0.954,+0.000
germany50,normal,40,2,20.705942,20.306185,20.306185,20.380166,TIE,TIE,-1.931,+0.000
germany50,ramp_up,10,0,24.746810,24.107472,24.107472,24.107472,TIE,TIE,-2.584,+0.000
germany50,ramp_up,10,1,26.144804,25.599564,25.599564,25.532847,TIE,TIE,-2.085,+0.000
germany50,ramp_up,10,2,26.549924,26.069511,26.069511,26.069511,TIE,TIE,-1.809,+0.000
germany50,ramp_up,20,0,24.020541,23.465864,23.465864,23.443071,WIN,TIE,-2.309,+0.000
germany50,ramp_up,20,1,25.395613,24.736714,24.736714,24.696512,WIN,TIE,-2.595,+0.000
germany50,ramp_up,20,2,25.829028,25.157963,25.157963,25.161829,WIN,TIE,-2.598,+0.000
germany50,ramp_up,40,0,23.439651,23.315086,23.337978,23.315086,TIE,TIE,-0.434,+0.098
germany50,ramp_up,40,1,24.986435,24.656161,24.706008,24.501945,WIN,TIE,-1.122,+0.202
germany50,ramp_up,40,2,25.612254,24.876410,24.959150,24.866658,WIN,LOSS,-2.550,+0.333
germany50,spike_2x,10,0,21.322915,20.854241,20.854241,20.854241,TIE,TIE,-2.198,+0.000
germany50,spike_2x,10,1,22.432295,21.998298,21.998298,21.998298,TIE,TIE,-1.935,+0.000
germany50,spike_2x,10,2,22.871527,22.460196,22.460196,22.460196,TIE,TIE,-1.798,+0.000
germany50,spike_2x,20,0,20.728819,20.061380,20.061380,20.063973,WIN,TIE,-3.220,+0.000
germany50,spike_2x,20,1,21.752901,21.379201,21.379201,21.358437,WIN,TIE,-1.718,+0.000
germany50,spike_2x,20,2,22.319879,21.618051,21.618051,21.992520,WIN,TIE,-3.144,+0.000
germany50,spike_2x,40,0,20.001102,19.934441,19.934441,19.934441,TIE,TIE,-0.333,+0.000
germany50,spike_2x,40,1,21.156200,21.027805,21.027805,21.015388,TIE,TIE,-0.607,+0.000
germany50,spike_2x,40,2,21.894149,21.560594,21.560594,21.555986,TIE,TIE,-1.523,+0.000
sprintlink,flash_crowd,10,0,879.604004,844.419092,844.419092,844.419092,TIE,TIE,-4.000,+0.000
sprintlink,flash_crowd,10,1,875.345542,840.271854,840.271854,840.271854,TIE,TIE,-4.007,+0.000
sprintlink,flash_crowd,10,2,872.250409,837.171105,837.171105,837.171105,TIE,TIE,-4.022,+0.000
sprintlink,flash_crowd,20,0,835.131407,814.210423,814.210423,814.210423,WIN,TIE,-2.505,+0.000
sprintlink,flash_crowd,20,1,831.171565,810.104685,810.104685,810.104685,WIN,TIE,-2.535,+0.000
sprintlink,flash_crowd,20,2,828.235936,807.145126,807.145126,807.145126,WIN,TIE,-2.546,+0.000
sprintlink,flash_crowd,40,0,814.210423,814.210423,814.210423,814.210423,TIE,TIE,+0.000,+0.000
sprintlink,flash_crowd,40,1,810.104685,810.104685,810.104685,810.104685,TIE,TIE,+0.000,+0.000
sprintlink,flash_crowd,40,2,807.145126,807.145126,807.145126,807.145126,TIE,TIE,+0.000,+0.000
sprintlink,normal,10,0,879.604004,847.644967,847.644967,847.644967,TIE,TIE,-3.633,+0.000
sprintlink,normal,10,1,875.345542,843.503159,843.503159,843.503159,TIE,TIE,-3.638,+0.000
sprintlink,normal,10,2,872.250409,840.513538,840.513538,840.513538,TIE,TIE,-3.639,+0.000
sprintlink,normal,20,0,835.131407,814.210423,814.210423,814.210423,WIN,TIE,-2.505,+0.000
sprintlink,normal,20,1,831.171565,810.104685,810.104685,810.104685,WIN,TIE,-2.535,+0.000
sprintlink,normal,20,2,828.235936,807.145126,807.145126,807.145126,WIN,TIE,-2.546,+0.000
sprintlink,normal,40,0,814.210423,814.210423,814.210423,814.210423,TIE,TIE,+0.000,+0.000
sprintlink,normal,40,1,810.104685,810.104685,810.104685,810.104685,TIE,TIE,+0.000,+0.000
sprintlink,normal,40,2,807.145126,807.145126,807.145126,807.145126,TIE,TIE,+0.000,+0.000
sprintlink,ramp_up,10,0,984.707667,973.241447,973.241447,973.241447,TIE,TIE,-1.164,+0.000
sprintlink,ramp_up,10,1,983.849805,972.432906,972.432906,972.432906,TIE,TIE,-1.160,+0.000
sprintlink,ramp_up,10,2,983.980102,972.683178,972.683178,972.683178,TIE,TIE,-1.148,+0.000
sprintlink,ramp_up,20,0,939.658569,919.314085,919.314085,919.314085,TIE,TIE,-2.165,+0.000
sprintlink,ramp_up,20,1,939.129691,918.608949,918.608949,918.608949,TIE,TIE,-2.185,+0.000
sprintlink,ramp_up,20,2,939.539185,918.874820,918.874820,918.874820,TIE,TIE,-2.199,+0.000
sprintlink,ramp_up,40,0,919.314085,919.314085,919.314085,919.314085,TIE,TIE,+0.000,+0.000
sprintlink,ramp_up,40,1,918.608949,918.608949,918.608949,918.608949,TIE,TIE,+0.000,+0.000
sprintlink,ramp_up,40,2,918.874820,918.874820,918.874820,918.874820,TIE,TIE,+0.000,+0.000
sprintlink,spike_2x,10,0,891.674094,857.116591,857.116591,857.116591,WIN,TIE,-3.876,+0.000
sprintlink,spike_2x,10,1,887.359994,852.926750,852.926750,852.926750,WIN,TIE,-3.880,+0.000
sprintlink,spike_2x,10,2,884.197324,849.950547,849.950547,849.950547,WIN,TIE,-3.873,+0.000
sprintlink,spike_2x,20,0,849.017323,830.662228,830.662228,830.662228,WIN,TIE,-2.162,+0.000
sprintlink,spike_2x,20,1,845.032735,826.556491,826.556491,826.556491,WIN,TIE,-2.186,+0.000
sprintlink,spike_2x,20,2,842.166490,823.596932,823.596932,823.596932,WIN,TIE,-2.205,+0.000
sprintlink,spike_2x,40,0,830.662228,830.662228,830.662228,830.662228,TIE,TIE,+0.000,+0.000
sprintlink,spike_2x,40,1,826.556491,826.556491,826.556491,826.556491,TIE,TIE,+0.000,+0.000
sprintlink,spike_2x,40,2,823.596932,823.596932,823.596932,823.596932,TIE,TIE,+0.000,+0.000
tiscali,flash_crowd,10,0,770.093036,769.565896,769.565896,769.565896,TIE,TIE,-0.068,+0.000
tiscali,flash_crowd,10,1,769.158826,767.902685,767.902685,767.902685,TIE,TIE,-0.163,+0.000
tiscali,flash_crowd,10,2,768.318723,766.730195,766.730195,766.730195,TIE,TIE,-0.207,+0.000
tiscali,flash_crowd,20,0,757.640461,763.924574,763.924574,763.924574,TIE,TIE,+0.829,+0.000
tiscali,flash_crowd,20,1,756.688258,761.865893,761.865893,761.865893,TIE,TIE,+0.684,+0.000
tiscali,flash_crowd,20,2,755.303071,760.479327,760.479327,760.479327,TIE,TIE,+0.685,+0.000
tiscali,flash_crowd,40,0,745.029161,744.714906,744.714906,744.714906,TIE,TIE,-0.042,+0.000
tiscali,flash_crowd,40,1,746.344356,746.829998,746.829998,746.829998,TIE,TIE,+0.065,+0.000
tiscali,flash_crowd,40,2,746.081305,746.243747,746.243747,745.754858,TIE,TIE,+0.022,+0.000
tiscali,normal,10,0,770.093036,769.565896,769.565896,769.565896,TIE,TIE,-0.068,+0.000
tiscali,normal,10,1,769.158826,767.894828,767.894828,767.894828,TIE,TIE,-0.164,+0.000
tiscali,normal,10,2,768.318723,766.730195,766.730195,766.730195,TIE,TIE,-0.207,+0.000
tiscali,normal,20,0,757.640461,763.924574,763.924574,763.924574,TIE,TIE,+0.829,+0.000
tiscali,normal,20,1,756.881572,761.865893,761.865893,761.865893,TIE,TIE,+0.659,+0.000
tiscali,normal,20,2,755.591081,760.479327,760.479327,760.479327,TIE,TIE,+0.647,+0.000
tiscali,normal,40,0,744.695032,744.623965,744.623965,744.623965,TIE,TIE,-0.010,+0.000
tiscali,normal,40,1,745.997799,746.664749,746.664749,746.664749,TIE,TIE,+0.089,+0.000
tiscali,normal,40,2,745.434545,746.150422,746.150422,745.661534,TIE,TIE,+0.096,+0.000
tiscali,ramp_up,10,0,770.093036,769.565896,769.565896,769.565896,TIE,TIE,-0.068,+0.000
tiscali,ramp_up,10,1,770.062371,769.477048,769.477048,769.477048,TIE,TIE,-0.076,+0.000
tiscali,ramp_up,10,2,769.088116,768.534386,768.534386,768.534386,TIE,TIE,-0.072,+0.000
tiscali,ramp_up,20,0,759.272818,763.924574,763.924574,763.924574,TIE,TIE,+0.613,+0.000
tiscali,ramp_up,20,1,760.636993,763.014199,763.014199,763.014199,TIE,TIE,+0.313,+0.000
tiscali,ramp_up,20,2,761.626545,762.742618,762.742618,762.742618,TIE,TIE,+0.147,+0.000
tiscali,ramp_up,40,0,747.543438,747.999273,747.999273,748.986481,TIE,TIE,+0.061,+0.000
tiscali,ramp_up,40,1,750.624085,751.965951,751.965951,753.295234,TIE,TIE,+0.179,+0.000
tiscali,ramp_up,40,2,751.616191,753.477905,753.477905,753.832308,TIE,TIE,+0.248,+0.000
tiscali,spike_2x,10,0,770.491392,769.565896,769.565896,769.565896,TIE,TIE,-0.120,+0.000
tiscali,spike_2x,10,1,770.376500,768.653964,768.653964,768.653964,TIE,TIE,-0.224,+0.000
tiscali,spike_2x,10,2,768.835165,767.555869,767.555869,767.555869,TIE,TIE,-0.166,+0.000
tiscali,spike_2x,20,0,757.640461,763.924574,763.924574,763.924574,TIE,TIE,+0.829,+0.000
tiscali,spike_2x,20,1,757.418412,762.075863,762.075863,762.075863,TIE,TIE,+0.615,+0.000
tiscali,spike_2x,20,2,758.750235,762.954657,762.954657,762.954657,WIN,TIE,+0.554,+0.000
tiscali,spike_2x,40,0,742.962874,741.370908,741.370908,741.370908,TIE,TIE,-0.214,+0.000
tiscali,spike_2x,40,1,746.317911,745.344750,745.344750,745.344750,TIE,TIE,-0.130,+0.000
tiscali,spike_2x,40,2,747.220062,745.718616,745.718616,745.718616,TIE,TIE,-0.201,+0.000
vtlwavenet2011,flash_crowd,10,0,11253.748226,11287.730969,11287.730969,11287.730969,TIE,TIE,+0.302,+0.000
vtlwavenet2011,flash_crowd,10,1,11208.833417,11238.921236,11238.921236,11238.921236,TIE,TIE,+0.268,+0.000
vtlwavenet2011,flash_crowd,10,2,11168.021701,11197.851094,11197.851094,11197.851094,TIE,TIE,+0.267,+0.000
vtlwavenet2011,flash_crowd,20,0,11252.984602,11223.880191,11223.880191,11223.880191,TIE,TIE,-0.259,+0.000
vtlwavenet2011,flash_crowd,20,1,11208.094883,11193.684837,11193.684837,11193.684837,TIE,TIE,-0.129,+0.000
vtlwavenet2011,flash_crowd,20,2,11167.020240,11151.576254,11151.576254,11151.576254,TIE,TIE,-0.138,+0.000
vtlwavenet2011,flash_crowd,40,0,11194.274699,11194.274699,11194.274699,11194.274699,TIE,TIE,+0.000,+0.000
vtlwavenet2011,flash_crowd,40,1,11169.958370,11169.958370,11169.958370,11169.958370,TIE,TIE,+0.000,+0.000
vtlwavenet2011,flash_crowd,40,2,11125.523181,11125.523181,11125.523181,11125.523181,TIE,TIE,+0.000,+0.000
vtlwavenet2011,normal,10,0,11253.748226,11287.730969,11287.730969,11287.730969,TIE,TIE,+0.302,+0.000
vtlwavenet2011,normal,10,1,11208.833417,11238.921236,11238.921236,11238.921236,TIE,TIE,+0.268,+0.000
vtlwavenet2011,normal,10,2,11168.021701,11197.851094,11197.851094,11197.851094,TIE,TIE,+0.267,+0.000
vtlwavenet2011,normal,20,0,11252.984602,11222.718120,11222.718120,11222.718120,TIE,TIE,-0.269,+0.000
vtlwavenet2011,normal,20,1,11208.094883,11192.655999,11192.655999,11192.655999,TIE,TIE,-0.138,+0.000
vtlwavenet2011,normal,20,2,11167.020240,11150.684133,11150.684133,11150.684133,TIE,TIE,-0.146,+0.000
vtlwavenet2011,normal,40,0,11193.112628,11193.112628,11193.112628,11193.112628,TIE,TIE,+0.000,+0.000
vtlwavenet2011,normal,40,1,11168.838141,11168.838141,11168.838141,11168.838141,TIE,TIE,+0.000,+0.000
vtlwavenet2011,normal,40,2,11124.943072,11124.943072,11124.943072,11124.943072,TIE,TIE,+0.000,+0.000
vtlwavenet2011,ramp_up,10,0,11403.092153,11381.343015,11381.343015,11381.343015,TIE,TIE,-0.191,+0.000
vtlwavenet2011,ramp_up,10,1,11357.344581,11336.122672,11336.122672,11336.122672,TIE,TIE,-0.187,+0.000
vtlwavenet2011,ramp_up,10,2,11320.599103,11299.131956,11299.131956,11299.131956,TIE,TIE,-0.190,+0.000
vtlwavenet2011,ramp_up,20,0,11345.218356,11329.426204,11329.426204,11329.426204,TIE,TIE,-0.139,+0.000
vtlwavenet2011,ramp_up,20,1,11304.991008,11289.843188,11289.843188,11289.843188,TIE,TIE,-0.134,+0.000
vtlwavenet2011,ramp_up,20,2,11267.935251,11251.992326,11251.992326,11251.992326,TIE,TIE,-0.141,+0.000
vtlwavenet2011,ramp_up,40,0,11290.864271,11290.864271,11290.864271,11290.864271,TIE,TIE,+0.000,+0.000
vtlwavenet2011,ramp_up,40,1,11259.242660,11259.242660,11259.242660,11259.242660,TIE,TIE,+0.000,+0.000
vtlwavenet2011,ramp_up,40,2,11219.419331,11219.419331,11219.419331,11219.419331,TIE,TIE,+0.000,+0.000
vtlwavenet2011,spike_2x,10,0,11272.288338,11305.742403,11305.742403,11305.742403,TIE,TIE,+0.297,+0.000
vtlwavenet2011,spike_2x,10,1,11227.373529,11256.054808,11256.054808,11256.054808,TIE,TIE,+0.255,+0.000
vtlwavenet2011,spike_2x,10,2,11186.561814,11214.786307,11214.786307,11214.786307,TIE,TIE,+0.252,+0.000
vtlwavenet2011,spike_2x,20,0,11248.520463,11271.524714,11271.524714,11271.524714,TIE,TIE,+0.205,+0.000
vtlwavenet2011,spike_2x,20,1,11216.939057,11226.634995,11226.634995,11226.634995,TIE,TIE,+0.086,+0.000
vtlwavenet2011,spike_2x,20,2,11177.006528,11185.560352,11185.560352,11185.560352,TIE,TIE,+0.077,+0.000
vtlwavenet2011,spike_2x,40,0,11207.849453,11207.849453,11207.849453,11207.849453,TIE,TIE,+0.000,+0.000
vtlwavenet2011,spike_2x,40,1,11181.949259,11181.949259,11181.949259,11181.949259,TIE,TIE,+0.000,+0.000
vtlwavenet2011,spike_2x,40,2,11139.193024,11139.193024,11139.193024,11139.193024,TIE,TIE,+0.000,+0.000
