dataset,topology_type,timestep,predicted,oracle,confidence,prob_bn,prob_topk,prob_sens,prob_gnn
abilene,known,425,bottleneck,gnn,0.4555209311040296,0.4555209311040296,0.4427092014029642,0.09123012181683174,0.01053974498620027
abilene,known,426,bottleneck,sensitivity,0.4628906996891181,0.4628906996891181,0.4134128061535253,0.11091025856037519,0.012786234839811594
abilene,known,427,bottleneck,gnn,0.47545693006931306,0.47545693006931306,0.4173241339488082,0.09623012523909621,0.010988810044096213
abilene,known,428,bottleneck,sensitivity,0.491689390778947,0.491689390778947,0.38481942721101914,0.11308630845265727,0.01040487284547558
abilene,known,429,bottleneck,sensitivity,0.45128160642150483,0.45128160642150483,0.42435555238910144,0.11308436471100755,0.011278475737996278
abilene,known,430,topk,topk,0.43192844929507074,0.40439517610895226,0.43192844929507074,0.1461966298408307,0.017479743841337287
abilene,known,431,bottleneck,bottleneck,0.4927623562969154,0.4927623562969154,0.4049288246959197,0.09145846874909978,0.010850349575798862
abilene,known,432,topk,bottleneck,0.42330150256935184,0.40297044075354854,0.42330150256935184,0.159021800809684,0.014706254976611316
abilene,known,433,bottleneck,topk,0.463115643723851,0.463115643723851,0.39683415809198286,0.12884246242283884,0.011207734999667351
abilene,known,434,bottleneck,gnn,0.49023905916665983,0.49023905916665983,0.43569455079641056,0.06323750886071587,0.010828880541044522
abilene,known,435,bottleneck,bottleneck,0.5048209182302202,0.5048209182302202,0.36419879945330047,0.11936980888761473,0.01161047269136447
abilene,known,436,bottleneck,bottleneck,0.4778822029072772,0.4778822029072772,0.3870384819262622,0.12487173427091083,0.010207580162091234
abilene,known,437,bottleneck,sensitivity,0.5021847232342458,0.5021847232342458,0.39662507632716637,0.0899398703247814,0.011250329430918525
abilene,known,438,bottleneck,sensitivity,0.454214847969997,0.454214847969997,0.41208523800297964,0.12291977369228432,0.01078013958689601
abilene,known,439,bottleneck,sensitivity,0.454101704077095,0.454101704077095,0.41983821851018843,0.11509612051784865,0.01096395615719858
abilene,known,440,bottleneck,sensitivity,0.47474949472653166,0.47474949472653166,0.4264538678649575,0.08787094623752664,0.010925690487186621
abilene,known,441,topk,bottleneck,0.5017417902060128,0.36679062791935185,0.5017417902060128,0.12320461238812763,0.008262968748297003
abilene,known,442,bottleneck,sensitivity,0.5342650675289949,0.5342650675289949,0.3941630470721809,0.06236725538292549,0.009204629424190187
abilene,known,443,bottleneck,sensitivity,0.43176092853116166,0.43176092853116166,0.41366061298991375,0.14214551408799034,0.012432943575798034
abilene,known,444,bottleneck,bottleneck,0.4772180023472637,0.4772180023472637,0.3809401868773349,0.13033441266993565,0.01150739734138811
abilene,known,445,topk,topk,0.41818984454758606,0.3942538714396531,0.41818984454758606,0.17842969743356005,0.00912658574340386
abilene,known,446,bottleneck,bottleneck,0.5066105841391978,0.5066105841391978,0.3730181992005785,0.10983394288499734,0.010537273071928952
abilene,known,447,topk,bottleneck,0.472008400642606,0.34028979610134774,0.472008400642606,0.1790763246593257,0.00862547774893542
abilene,known,448,bottleneck,bottleneck,0.48459884106539247,0.48459884106539247,0.3705558756699684,0.13391554676463857,0.010929735741889518
abilene,known,449,topk,sensitivity,0.4614295434411865,0.4455910632515872,0.4614295434411865,0.08015096962322368,0.012828422971960528
abilene,known,450,bottleneck,bottleneck,0.5033517155371148,0.5033517155371148,0.38041738710541373,0.10579514845408118,0.010435748207412757
abilene,known,451,bottleneck,bottleneck,0.4674375116927038,0.4674375116927038,0.4039177263757405,0.11919250951626051,0.00945225170003335
abilene,known,452,bottleneck,bottleneck,0.5051221183915402,0.5051221183915402,0.3974925098000141,0.08658627194499972,0.010799099194602946
abilene,known,453,bottleneck,bottleneck,0.49365144434061353,0.49365144434061353,0.4107664671598958,0.08480835783835738,0.010773729991654083
abilene,known,454,bottleneck,sensitivity,0.528902155091514,0.528902155091514,0.37284041539773505,0.08730953037536725,0.010947898471294187
abilene,known,455,bottleneck,topk,0.47639108332894303,0.47639108332894303,0.4191983899903037,0.09258345528260771,0.011827070692296405
abilene,known,456,bottleneck,gnn,0.49467351052421477,0.49467351052421477,0.3936487796870194,0.10168200512227257,0.009995703981559271
abilene,known,457,topk,topk,0.488790543990881,0.4408836072041441,0.488790543990881,0.06149345541665547,0.008832392771172239
abilene,known,458,bottleneck,bottleneck,0.48683095657427783,0.48683095657427783,0.41446683460218714,0.08700230910596563,0.01169989902689871
abilene,known,459,bottleneck,sensitivity,0.46300776484999945,0.46300776484999945,0.4587081398006981,0.0671209196663924,0.011163175026126685
abilene,known,460,bottleneck,gnn,0.5523277124230047,0.5523277124230047,0.3406162360668096,0.09703467833552477,0.010021372517512417
abilene,known,461,bottleneck,bottleneck,0.4506068854990234,0.4506068854990234,0.4248214621002817,0.11390862550395632,0.010663026164739664
abilene,known,462,topk,topk,0.510787430635447,0.3609889115452191,0.510787430635447,0.11954601208336185,0.008677644995137058
abilene,known,463,bottleneck,bottleneck,0.47908936090605336,0.47908936090605336,0.37397791437329203,0.1369007825607621,0.010031941409414507
abilene,known,464,bottleneck,sensitivity,0.4678941690120861,0.4678941690120861,0.40233434591391637,0.11991728172408447,0.009854202627044562
abilene,known,465,topk,topk,0.4505077670189333,0.44247013262017887,0.4505077670189333,0.09605785883310364,0.010964240818140536
abilene,known,466,bottleneck,topk,0.4434640916245559,0.4434640916245559,0.4154325977341019,0.13132160747209026,0.009781702419686188
abilene,known,467,topk,sensitivity,0.4251383092691036,0.4239737041902787,0.4251383092691036,0.1386356912952907,0.012252294436306651
abilene,known,468,bottleneck,bottleneck,0.4556463627435855,0.4556463627435855,0.426798203121408,0.10560927849774787,0.0119461549001572
abilene,known,469,topk,bottleneck,0.44313915282652205,0.4318812954183378,0.44313915282652205,0.11466640448877304,0.010313146532173393
abilene,known,470,bottleneck,gnn,0.42173730011949195,0.42173730011949195,0.4168912592589602,0.15260860340896631,0.00876283643599914
abilene,known,471,bottleneck,gnn,0.4676535246900094,0.4676535246900094,0.4256780629851325,0.09530658361706833,0.011361828001833522
abilene,known,472,bottleneck,gnn,0.4974765349824057,0.4974765349824057,0.4074613995051287,0.08568188473934085,0.009380180126211137
abilene,known,473,bottleneck,gnn,0.4382861823103367,0.4382861823103367,0.4350478951959128,0.11337301655936945,0.013292905156116272
abilene,known,474,bottleneck,topk,0.46091165804581097,0.46091165804581097,0.44793537145588064,0.08110273908860187,0.010050230746701687
abilene,known,475,topk,gnn,0.5372774686790603,0.39165449564746313,0.5372774686790603,0.06395865214900591,0.007109382913832354
abilene,known,476,bottleneck,bottleneck,0.5063597002619921,0.5063597002619921,0.39588951532821676,0.08762006363112676,0.010130720119395979
abilene,known,477,bottleneck,bottleneck,0.485594303967495,0.485594303967495,0.4216934665325407,0.0822771886400676,0.010435040197359654
abilene,known,478,bottleneck,bottleneck,0.4951521153609048,0.4951521153609048,0.4102605555287433,0.0836356485219539,0.01095167991853112
abilene,known,479,bottleneck,sensitivity,0.4718259948812286,0.4718259948812286,0.44299909024219963,0.0764232574902591,0.008751656756204108
abilene,known,480,bottleneck,bottleneck,0.5405621259030928,0.5405621259030928,0.38483928085927477,0.06590677292002686,0.008691819730495313
abilene,known,481,bottleneck,topk,0.5021516930370536,0.5021516930370536,0.3833765345734618,0.10194099679635954,0.012530774869118766
abilene,known,482,bottleneck,sensitivity,0.5345236263133907,0.5345236263133907,0.3525475741063184,0.1012450192407542,0.011683779641927076
abilene,known,483,bottleneck,bottleneck,0.4905003082668973,0.4905003082668973,0.3787049763718556,0.11881745325671512,0.011977261356935484
abilene,known,484,bottleneck,bottleneck,0.48284682460484496,0.48284682460484496,0.42255282327632665,0.08464628213051659,0.009954069328636492
abilene,known,485,topk,bottleneck,0.4360431238362915,0.4349374938447215,0.4360431238362915,0.1112494788283044,0.017769902641926693
abilene,known,486,bottleneck,sensitivity,0.49989327801973743,0.49989327801973743,0.4071742562650747,0.08278896604600483,0.010143499015577996
abilene,known,487,bottleneck,sensitivity,0.4709419808565296,0.4709419808565296,0.40691368422511437,0.11097721708643522,0.011167117103843218
abilene,known,488,topk,bottleneck,0.43915854420722145,0.4375831412643747,0.43915854420722145,0.10859920971100298,0.014659104024702255
abilene,known,489,bottleneck,bottleneck,0.498162097119488,0.498162097119488,0.38701392214516256,0.10292393176093573,0.011900048257609075
abilene,known,490,bottleneck,bottleneck,0.49204596741757006,0.49204596741757006,0.4006791834575352,0.09620723893643564,0.011067609494386342
abilene,known,491,bottleneck,sensitivity,0.5192775923908483,0.5192775923908483,0.39696466482157344,0.07336592164213121,0.01039182051055041
abilene,known,492,bottleneck,bottleneck,0.5014564140289969,0.5014564140289969,0.37674713416377786,0.11001521905207899,0.011781232029468932
abilene,known,493,bottleneck,sensitivity,0.5732829196621604,0.5732829196621604,0.35706683014043206,0.06031391751104119,0.009336332109757572
abilene,known,494,bottleneck,topk,0.5212537557008257,0.5212537557008257,0.367400656353018,0.10022691713341035,0.011118670121370256
abilene,known,495,bottleneck,sensitivity,0.4966538284536783,0.4966538284536783,0.3981501388122411,0.09418334468477449,0.011012687361171227
abilene,known,496,bottleneck,bottleneck,0.5065339299115034,0.5065339299115034,0.3698279652798583,0.1122390458603593,0.011399058226863134
abilene,known,497,bottleneck,topk,0.5233983115655414,0.5233983115655414,0.3769464550701535,0.08857085461493511,0.01108437807898568
abilene,known,498,bottleneck,gnn,0.5169572004482459,0.5169572004482459,0.40365190157741115,0.06839814224442674,0.010992755092801863
abilene,known,499,bottleneck,bottleneck,0.536956644509346,0.536956644509346,0.3872868814467316,0.06600734749362373,0.009749125944530646
geant,known,425,bottleneck,bottleneck,0.9506814207469716,0.9506814207469716,9.132424599383249e-10,4.215071213862064e-12,0.04931857829666076
geant,known,426,bottleneck,bottleneck,0.9573036853159916,0.9573036853159916,3.064965006493964e-10,7.169595211458359e-11,0.0426963142678337
geant,known,427,bottleneck,bottleneck,0.9816919628510203,0.9816919628510203,3.5450844789227573e-10,1.7594167048962041e-12,0.01830803675814661
geant,known,428,bottleneck,bottleneck,0.8994535112252807,0.8994535112252807,3.3191838151774938e-09,1.6580777845085644e-10,0.1005464852436391
geant,known,429,bottleneck,bottleneck,0.9253515946595101,0.9253515946595101,2.270944570775856e-09,1.5962600656798616e-11,0.07464840301112315
geant,known,430,bottleneck,bottleneck,0.8915152847758948,0.8915152847758948,3.989446955415107e-11,2.3912337060880464e-10,0.10848471489788823
geant,known,431,bottleneck,bottleneck,0.9842509393634755,0.9842509393634755,5.735364964818411e-10,3.670337640597778e-11,0.015749059992077714
geant,known,432,bottleneck,bottleneck,0.8799585953962198,0.8799585953962198,1.2055327152197363e-09,8.365800799900803e-10,0.120041402512848
geant,known,433,bottleneck,bottleneck,0.9672147966599395,0.9672147966599395,6.065988586413065e-10,1.495128251095141e-11,0.032785202681916766
geant,known,434,bottleneck,bottleneck,0.9340830871756731,0.9340830871756731,2.1602431006681387e-10,2.7728693931205256e-11,0.06591691253933861
geant,known,435,bottleneck,bottleneck,0.9520001337184457,0.9520001337184457,7.275603456301356e-11,1.7519169497654188e-10,0.047999865994881576
geant,known,436,bottleneck,bottleneck,0.9635725622410777,0.9635725622410777,2.0767461768571424e-09,4.446083988637741e-10,0.03642743520046292
geant,known,437,bottleneck,bottleneck,0.9826623716719102,0.9826623716719102,5.327479934912135e-10,2.4269243749828924e-11,0.01733762773664338
geant,known,438,bottleneck,bottleneck,0.9613094303502008,0.9613094303502008,8.319291343231172e-09,7.436445918235683e-10,0.03869056054943785
geant,known,439,bottleneck,bottleneck,0.8655825808831004,0.8655825808831004,1.0654341218693354e-09,6.512296987357572e-10,0.1344174173494027
geant,known,440,bottleneck,gnn,0.9677135755795414,0.9677135755795414,1.928722475015092e-09,2.0905329604709031e-10,0.03228642224615837
geant,known,441,bottleneck,bottleneck,0.9278177133454983,0.9278177133454983,2.826893282286133e-09,8.199255699629182e-11,0.07218228370350123
geant,known,442,bottleneck,bottleneck,0.8888887161515828,0.8888887161515828,4.08504429865708e-08,1.544204446092942e-10,0.11111124279596468
geant,known,443,bottleneck,bottleneck,0.87465700539368,0.87465700539368,5.159351363372383e-09,5.922780747984864e-10,0.12534298880512645
geant,known,444,bottleneck,bottleneck,0.8045529164966287,0.8045529164966287,4.8087836414067125e-09,4.471277152988042e-09,0.1954470741639228
geant,known,445,bottleneck,bottleneck,0.8656281466867931,0.8656281466867931,1.030370657121553e-08,4.039284171139001e-10,0.13437184255474022
geant,known,446,bottleneck,gnn,0.8401526731222191,0.8401526731222191,3.5035802500836777e-09,2.440042241267864e-10,0.1598473230757992
geant,known,447,bottleneck,gnn,0.7959846133010812,0.7959846133010812,6.603529614102439e-10,4.2348905322098375e-11,0.20401538593563337
geant,known,448,bottleneck,bottleneck,0.7991813337228194,0.7991813337228194,2.7437921721932446e-09,4.6474738516066454e-10,0.20081866300850396
geant,known,449,bottleneck,gnn,0.761597376114176,0.761597376114176,1.4580445758925503e-09,1.6184558603909412e-10,0.23840262220053174
geant,known,450,bottleneck,gnn,0.8231692259646894,0.8231692259646894,1.026344693507303e-08,1.4796109229938913e-09,0.17683076223547173
geant,known,451,bottleneck,topk,0.8339724782248811,0.8339724782248811,3.319405335904134e-09,4.139978150094138e-10,0.16602751798645282
geant,known,452,bottleneck,bottleneck,0.7873526811985161,0.7873526811985161,5.209404898227733e-09,1.6617689165554176e-09,0.2126473118685139
geant,known,453,bottleneck,bottleneck,0.8600559988476916,0.8600559988476916,4.659951692837098e-09,1.6169373651966272e-10,0.13994399627905388
geant,known,454,bottleneck,bottleneck,0.8763252738559089,0.8763252738559089,1.0604915082587199e-08,1.8351760415797237e-09,0.123674713654666
geant,known,455,bottleneck,bottleneck,0.8696959966366379,0.8696959966366379,2.1477851554468733e-09,8.878247663092772e-10,0.1303040002774945
geant,known,456,bottleneck,bottleneck,0.9187381472549517,0.9187381472549517,1.2856056291180001e-09,2.452907640139573e-10,0.08126185117076598
geant,known,457,bottleneck,gnn,0.7864497382124572,0.7864497382124572,3.695211860917535e-09,2.652234269601959e-09,0.2135502553781742
geant,known,458,bottleneck,bottleneck,0.7820656856486927,0.7820656856486927,1.826697593277629e-09,2.8102634183056873e-10,0.21793431218104872
geant,known,459,bottleneck,gnn,0.8276921231237148,0.8276921231237148,1.6119990044325188e-10,2.0938399711075972e-11,0.172307876638006
geant,known,460,bottleneck,gnn,0.8849194343154798,0.8849194343154798,1.7603091934903468e-10,2.106728878084132e-11,0.11508056543929862
geant,known,461,bottleneck,topk,0.9288582089102732,0.9288582089102732,3.4089860442503464e-10,2.3660434845306622e-11,0.07114179068320041
geant,known,462,bottleneck,bottleneck,0.9166683173001589,0.9166683173001589,3.3824889265885613e-10,1.8801148942579936e-11,0.08333168229911601
geant,known,463,bottleneck,bottleneck,0.9320158307369463,0.9320158307369463,1.598718406138595e-11,9.787099237949087e-13,0.06798416920456302
geant,known,464,bottleneck,bottleneck,0.9214965730333456,0.9214965730333456,4.972491811585707e-11,4.321508651220204e-12,0.07850342686960937
geant,known,465,bottleneck,bottleneck,0.9499654052557002,0.9499654052557002,5.1076619697434444e-11,2.3962252374988172e-12,0.05003459465181691
geant,known,466,bottleneck,bottleneck,0.9491443198590701,0.9491443198590701,2.0754150522085004e-10,7.902604600090235e-12,0.0508556798863606
geant,known,467,bottleneck,bottleneck,0.9119198309494343,0.9119198309494343,4.757699152900574e-10,1.477192205978312e-11,0.08808016851568316
geant,known,468,bottleneck,bottleneck,0.8615370169551481,0.8615370169551481,7.356798990848258e-10,3.2924912079733593e-11,0.1384629822248476
geant,known,469,bottleneck,bottleneck,0.8680713647946188,0.8680713647946188,1.5899416524606966e-09,5.207647317063433e-11,0.13192863351287865
geant,known,470,bottleneck,bottleneck,0.889788500983415,0.889788500983415,8.675230097993252e-11,3.689584295234856e-12,0.11021149887870228
geant,known,471,bottleneck,bottleneck,0.7938311217702546,0.7938311217702546,1.738079771179569e-10,1.1821883694313385e-11,0.20616887798323044
geant,known,472,bottleneck,bottleneck,0.7701512066280236,0.7701512066280236,1.0594910890268711e-09,3.163776894478218e-11,0.22984879221664417
geant,known,473,bottleneck,bottleneck,0.8995834742416084,0.8995834742416084,1.4320832476432192e-10,2.3654005246931484e-11,0.10041652554546056
geant,known,474,bottleneck,gnn,0.8728913482073458,0.8728913482073458,5.278718334845454e-10,1.6590545900274538e-10,0.12710865104906816
geant,known,475,bottleneck,bottleneck,0.8605049200913337,0.8605049200913337,1.6848483468481102e-10,1.8133944336129574e-11,0.13949507967050373
geant,known,476,bottleneck,gnn,0.7355055912838122,0.7355055912838122,1.7108110494239183e-09,7.477069859789299e-11,0.26449440686154824
geant,known,477,bottleneck,bottleneck,0.8779368260699056,0.8779368260699056,9.35772841132002e-11,2.2211934136435498e-11,0.12206317376520355
geant,known,478,bottleneck,bottleneck,0.8647480184446812,0.8647480184446812,1.2141558645184922e-10,2.3279533182293383e-11,0.13525198135967426
geant,known,479,bottleneck,bottleneck,0.9440398056028574,0.9440398056028574,5.3115571272494014e-11,1.406256034912221e-12,0.055960194302780444
geant,known,480,bottleneck,bottleneck,0.9489933706594205,0.9489933706594205,1.8820903727931495e-10,2.0205067630363196e-11,0.05100662909301907
geant,known,481,bottleneck,bottleneck,0.8424878432725577,0.8424878432725577,4.0088080705238465e-10,6.725136674319553e-11,0.15751215620524192
geant,known,482,bottleneck,bottleneck,0.9138666013056121,0.9138666013056121,2.6204806407975258e-11,3.537972647894322e-12,0.08613339862057746
geant,known,483,bottleneck,bottleneck,0.9125909076168726,0.9125909076168726,9.513930847889982e-11,5.917815814762684e-11,0.08740909218456358
geant,known,484,bottleneck,bottleneck,0.9222434918688109,0.9222434918688109,1.8649806251080293e-11,2.0899076032713892e-12,0.07775650806755546
geant,known,485,bottleneck,bottleneck,0.9677572683067167,0.9677572683067167,3.0726626340647095e-10,7.317776092915294e-13,0.032242731348767914
geant,known,486,bottleneck,bottleneck,0.9312781878264608,0.9312781878264608,7.70910301096399e-10,4.0422828195360924e-11,0.06872181132057734
geant,known,487,bottleneck,bottleneck,0.9499802667004444,0.9499802667004444,2.114241086675873e-10,2.1044261093956186e-12,0.05001973304701891
geant,known,488,bottleneck,bottleneck,0.9663305036650224,0.9663305036650224,4.1063199269288776e-10,3.9238511640381596e-13,0.03366949588723591
geant,known,489,bottleneck,bottleneck,0.9431657307315645,0.9431657307315645,1.3570862793156984e-09,6.796707076403534e-11,0.05683426780341881
geant,known,490,bottleneck,bottleneck,0.963427248197961,0.963427248197961,6.916722007799176e-10,1.8402043624863845e-12,0.03657275107140227
geant,known,491,bottleneck,bottleneck,0.9467410913153165,0.9467410913153165,2.0550413454911329e-10,3.4598532904969666e-12,0.053258908436257676
geant,known,492,bottleneck,bottleneck,0.9599369487558037,0.9599369487558037,2.5848916610011744e-10,7.606252038460073e-13,0.04006305094733325
geant,known,493,bottleneck,bottleneck,0.9367487850152967,0.9367487850152967,7.351824654601631e-10,4.7763491847960486e-11,0.06325121416089527
geant,known,494,bottleneck,bottleneck,0.9550293197850397,0.9550293197850397,2.9887496522003285e-10,2.211806792770671e-12,0.04497067987557292
geant,known,495,bottleneck,gnn,0.8722536795072507,0.8722536795072507,1.9052006119074657e-09,2.023175275072391e-10,0.12774631833533245
geant,known,496,bottleneck,bottleneck,0.9302195656597336,0.9302195656597336,3.5273827618846925e-10,4.881266657699312e-11,0.06978043389693869
geant,known,497,bottleneck,bottleneck,0.8918150104529846,0.8918150104529846,1.6425856218350972e-09,1.361815583685593e-10,0.10818498772109025
geant,known,498,bottleneck,bottleneck,0.8922899761895686,0.8922899761895686,2.5032512244498576e-10,4.8774196330948025e-11,0.10771002346424147
geant,known,499,bottleneck,bottleneck,0.9281102480783382,0.9281102480783382,3.3471377562655213e-10,2.300663537639837e-11,0.07188975152186931
cernet,known,425,bottleneck,bottleneck,0.9999882984935763,0.9999882984935763,3.4744967977880216e-09,4.606080079188159e-10,1.1697565741962058e-05
cernet,known,426,bottleneck,bottleneck,0.9999487579602104,0.9999487579602104,8.711997809594381e-10,2.5170552478209358e-08,5.121599178459066e-05
cernet,known,427,bottleneck,gnn,0.999796201049072,0.999796201049072,3.5470920723028207e-09,8.021025618944782e-08,0.00020371518473368615
cernet,known,428,bottleneck,bottleneck,0.9991525303473929,0.9991525303473929,3.080102370366648e-08,3.864880127717859e-06,0.0008435739498088196
cernet,known,429,bottleneck,bottleneck,0.9996552912184739,0.9996552912184739,1.8625096012532558e-08,1.7590920053052342e-07,0.00034451423595826955
cernet,known,430,bottleneck,gnn,0.9986980246293385,0.9986980246293385,4.843130747318234e-08,1.5731646962046367e-06,0.0013003537465594462
cernet,known,431,bottleneck,bottleneck,0.9995461856701671,0.9995461856701671,2.2575370558976244e-09,2.3494919016840065e-07,0.0004535771099787886
cernet,known,432,bottleneck,bottleneck,0.9991185445845301,0.9991185445845301,2.5941843080572068e-08,4.34983620704883e-06,0.0008770796149516833
cernet,known,433,bottleneck,bottleneck,0.999667041789446,0.999667041789446,5.0934823024242525e-08,1.1509458999805239e-07,0.00033279217008194256
cernet,known,434,bottleneck,bottleneck,0.9993895348501788,0.9993895348501788,2.52102998126518e-07,1.497873644125356e-06,0.000608715156632214
cernet,known,435,bottleneck,bottleneck,0.9999275384119588,0.9999275384119588,3.6998834931933145e-10,2.6756573689324526e-10,7.246094389114968e-05
cernet,known,436,bottleneck,bottleneck,0.9998045378028646,0.9998045378028646,3.336503773214227e-09,5.824351982332471e-07,0.00019487641646588586
cernet,known,437,bottleneck,bottleneck,0.9978044421882595,0.9978044421882595,1.2108854306056019e-08,1.2835467872622806e-06,0.002194262113156653
cernet,known,438,bottleneck,bottleneck,0.9998159473964036,0.9998159473964036,2.4628294471699046e-09,2.9856903513178706e-06,0.00018106444038814534
cernet,known,439,bottleneck,bottleneck,0.9998268678273894,0.9998268678273894,1.1017168872797653e-09,9.929684678761748e-08,0.0001730317657073888
cernet,known,440,bottleneck,sensitivity,0.999427715585755,0.999427715585755,4.329051801240287e-09,1.8007262876018984e-06,0.0005704793429713904
cernet,known,441,bottleneck,sensitivity,0.9996155279547044,0.9996155279547044,8.207178748586597e-09,2.4742228066662154e-06,0.0003819896021787518
cernet,known,442,bottleneck,gnn,0.9996615861133605,0.9996615861133605,3.2483133706065007e-09,1.1032801301092206e-05,0.0003273778202109483
cernet,known,443,bottleneck,bottleneck,0.9997679578015608,0.9997679578015608,1.3088556015254271e-09,4.512099572786569e-06,0.00022752877838234803
cernet,known,444,bottleneck,bottleneck,0.9999432358591287,0.9999432358591287,2.4071142996191713e-11,4.35711096625184e-08,5.6720539335746405e-05
cernet,known,445,bottleneck,bottleneck,0.9995719584182662,0.9995719584182662,3.667666701513154e-11,2.586651489701329e-07,0.00042778286720339116
cernet,known,446,bottleneck,bottleneck,0.99993818569854,0.99993818569854,3.853084471626452e-13,4.6058735874421685e-09,6.180968878174756e-05
cernet,known,447,bottleneck,bottleneck,0.99997342378775,0.99997342378775,5.791757575978249e-12,1.2392160303002671e-08,2.6563808466651586e-05
cernet,known,448,bottleneck,bottleneck,0.9999950121272521,0.9999950121272521,9.788223284862415e-13,1.966694226789339e-09,4.985899611759954e-06
cernet,known,449,bottleneck,bottleneck,0.9999657515406701,0.9999657515406701,2.455163181215294e-13,9.534924816197533e-10,3.4247499637548504e-05
cernet,known,450,bottleneck,bottleneck,0.9999989422411069,0.9999989422411069,8.167319124354447e-12,4.953125210926382e-08,1.008214051802627e-06
cernet,known,451,bottleneck,bottleneck,0.9999981039585276,0.9999981039585276,4.3157799731879903e-13,1.3212000427206888e-09,1.8947144299622842e-06
cernet,known,452,bottleneck,bottleneck,0.9999847188850057,0.9999847188850057,6.511225954838032e-12,4.676101019233434e-08,1.5234341813425714e-05
cernet,known,453,bottleneck,gnn,0.9999884339520244,0.9999884339520244,2.8735694986305915e-13,1.6647417503239664e-09,1.1564377373071307e-05
cernet,known,454,bottleneck,bottleneck,0.9999847616194047,0.9999847616194047,9.993806424207081e-11,3.0191149081778325e-07,1.4936363374789787e-05
cernet,known,455,bottleneck,bottleneck,0.9999946394500561,0.9999946394500561,1.7855752644243079e-13,1.967420307628312e-10,5.360347554889389e-06
cernet,known,456,bottleneck,bottleneck,0.9998006516740241,0.9998006516740241,1.4435408014863248e-12,1.0466844970366168e-07,0.00019924364730055044
cernet,known,457,bottleneck,bottleneck,0.9999986619666038,0.9999986619666038,2.2724440222554084e-14,9.828190350851559e-11,1.3379296907173014e-06
cernet,known,458,bottleneck,bottleneck,0.9999960545679271,0.9999960545679271,2.485896279240164e-12,9.441983074081392e-10,3.944479943639716e-06
cernet,known,459,bottleneck,gnn,0.9999984474100656,0.9999984474100656,6.975482241584305e-14,1.4181971444794095e-09,1.5511662622402989e-06
cernet,known,460,bottleneck,bottleneck,0.9999945724746948,0.9999945724746948,6.491182823079451e-12,9.542742324933925e-08,5.332085871601484e-06
cernet,known,461,bottleneck,bottleneck,0.9999938986836225,0.9999938986836225,4.1356189513713997e-13,5.527327114311658e-10,6.1007577500180345e-06
cernet,known,462,bottleneck,bottleneck,0.9999989219808203,0.9999989219808203,7.008282472355558e-13,1.4152586057858382e-08,1.063860488874393e-06
cernet,known,463,bottleneck,bottleneck,0.9999896646304494,0.9999896646304494,1.3790788272227232e-13,1.0846427320251277e-10,1.0335255396448461e-05
cernet,known,464,bottleneck,bottleneck,0.9999665314918577,0.9999665314918577,1.424954011044383e-10,9.897988481259871e-07,3.247856034228904e-05
cernet,known,465,bottleneck,bottleneck,0.9999945371802823,0.9999945371802823,4.6413314563245416e-14,3.2013524314189834e-11,5.462782187762582e-06
cernet,known,466,bottleneck,bottleneck,0.9999958813968772,0.9999958813968772,3.2424153895331294e-13,1.0591791703415531e-10,4.118491433128076e-06
cernet,known,467,bottleneck,bottleneck,0.9999956116023637,0.9999956116023637,6.9221364588298915e-12,7.973176318965263e-10,4.387587943897588e-06
cernet,known,468,bottleneck,bottleneck,0.9999980774887953,0.9999980774887953,2.0326624461255657e-13,2.758771752232356e-11,1.922478003029841e-06
cernet,known,469,bottleneck,bottleneck,0.9999990295341782,0.9999990295341782,9.630054926668132e-14,5.720466030725044e-10,9.698882840291084e-07
cernet,known,470,bottleneck,bottleneck,0.999998204576735,0.999998204576735,7.261997515235772e-12,9.950380734374045e-09,1.7854602087023398e-06
cernet,known,471,bottleneck,bottleneck,0.9999962066091348,0.9999962066091348,2.1211059691630949e-13,8.460708876768356e-13,3.7933843650907807e-06
cernet,known,472,bottleneck,bottleneck,0.9999880504338141,0.9999880504338141,5.187633968036145e-11,4.775284054990511e-12,1.1949503955323771e-05
cernet,known,473,bottleneck,bottleneck,0.9999668489920103,0.9999668489920103,9.256813829395154e-11,7.001464896665944e-09,3.314390801777494e-05
cernet,known,474,bottleneck,bottleneck,0.999989215627358,0.999989215627358,2.690675538145873e-11,5.991480564734478e-10,1.0783741027403442e-05
cernet,known,475,bottleneck,bottleneck,0.9999648490086659,0.9999648490086659,2.1571825667837383e-10,2.351006547319295e-12,3.5150767295706126e-05
cernet,known,476,bottleneck,bottleneck,0.9999314928764153,0.9999314928764153,3.153069634897028e-09,1.1881309975566145e-07,6.838515082256646e-05
cernet,known,477,bottleneck,bottleneck,0.9999101497089918,0.9999101497089918,8.17947153796578e-08,4.29145281775022e-06,8.547703430849902e-05
cernet,known,478,bottleneck,bottleneck,0.9997693093951822,0.9997693093951822,1.4552896967714573e-08,1.0813847347317033e-06,0.00022959465736091536
cernet,known,479,bottleneck,bottleneck,0.9998905634364659,0.9998905634364659,1.4613029428591115e-08,9.221257755279232e-10,0.0001094210211538787
cernet,known,480,bottleneck,bottleneck,0.9999520785933186,0.9999520785933186,1.8225742359993642e-08,6.739050176009812e-10,4.790250084075565e-05
cernet,known,481,bottleneck,bottleneck,0.9998479560700327,0.9998479560700327,6.01497913385703e-08,3.912073324017823e-07,0.00015159256467552382
cernet,known,482,bottleneck,bottleneck,0.9995274056940083,0.9995274056940083,8.744906968129241e-06,8.36754575944253e-07,0.00046301262613680886
cernet,known,483,bottleneck,bottleneck,0.9998233426205195,0.9998233426205195,1.4573559347149648e-07,1.1011069253097132e-09,0.0001765105343570712
cernet,known,484,bottleneck,gnn,0.9998788914284628,0.9998788914284628,2.4330484296141256e-06,5.7650986029085844e-09,0.00011866974932532587
cernet,known,485,bottleneck,bottleneck,0.9998679125205319,0.9998679125205319,3.200013342980336e-08,3.612490522369581e-11,0.00013205543559538076
cernet,known,486,bottleneck,bottleneck,0.9998086767193564,0.9998086767193564,8.125705568583654e-06,6.774456196891524e-08,0.00018312981765128384
cernet,known,487,bottleneck,bottleneck,0.9999324138873796,0.9999324138873796,1.5227369772909703e-08,3.572059482672929e-10,6.757052152286305e-05
cernet,known,488,bottleneck,bottleneck,0.9999419135941091,0.9999419135941091,1.2168536309724253e-08,1.7603330753590212e-09,5.8072470659973366e-05
cernet,known,489,bottleneck,bottleneck,0.99999061889115,0.99999061889115,1.3619852054311583e-07,9.816983603420742e-09,9.235087733847709e-06
cernet,known,490,bottleneck,bottleneck,0.9999939548176741,0.9999939548176741,1.8891978308748665e-08,6.415460577969183e-11,6.026220703376095e-06
cernet,known,491,bottleneck,bottleneck,0.999734328347193,0.999734328347193,3.0764670791724875e-10,6.010449754182078e-14,0.0002656713352579821
cernet,known,492,bottleneck,bottleneck,0.9999921618547499,0.9999921618547499,1.3463200119058166e-08,5.346722141043766e-11,7.824623065805538e-06
cernet,known,493,bottleneck,bottleneck,0.9999027613670668,0.9999027613670668,6.052813289748762e-10,1.156833819543637e-13,9.723802052397243e-05
cernet,known,494,bottleneck,bottleneck,0.9999826651307444,0.9999826651307444,1.0937510802302058e-08,1.1331794330214376e-09,1.732279288953468e-05
cernet,known,495,bottleneck,bottleneck,0.9999670302438242,0.9999670302438242,3.1040521539093334e-08,1.3053991458506856e-08,3.292565570774572e-05
cernet,known,496,bottleneck,bottleneck,0.9999901744027271,0.9999901744027271,5.26320134759202e-09,5.566984717551609e-13,9.82032796879194e-06
cernet,known,497,bottleneck,bottleneck,0.9999857385622396,0.9999857385622396,1.202430192421753e-10,2.0624692329377536e-14,1.4261311878836046e-05
cernet,known,498,bottleneck,bottleneck,0.9999971670370233,0.9999971670370233,3.385894787923371e-10,2.7312612078005532e-11,2.832591648483241e-06
cernet,known,499,bottleneck,bottleneck,0.999993504260236,0.999993504260236,1.2226677507172e-08,9.442354851447615e-10,6.48256335674819e-06
rocketfuel_ebone,known,425,bottleneck,bottleneck,0.44794955136114645,0.44794955136114645,0.06071954446447357,0.42034501718268813,0.07098588569276269
rocketfuel_ebone,known,426,bottleneck,sensitivity,0.482488720595734,0.482488720595734,0.019271181036815355,0.41557988142599495,0.08266021571302669
rocketfuel_ebone,known,427,sensitivity,topk,0.361794910643478,0.3186815845966274,0.2546556464031429,0.361794910643478,0.06486785679396542
rocketfuel_ebone,known,428,bottleneck,sensitivity,0.4533911124061755,0.4533911124061755,0.04837760663371844,0.25481576333543304,0.24341551633685107
rocketfuel_ebone,known,429,bottleneck,gnn,0.5261739941362564,0.5261739941362564,0.0036088362150330424,0.2510486534449252,0.21916851506452503
rocketfuel_ebone,known,430,bottleneck,sensitivity,0.450031256263118,0.450031256263118,0.12010959188109034,0.29497395446142216,0.13488519609968944
rocketfuel_ebone,known,431,sensitivity,bottleneck,0.3646685906687547,0.3523111308398844,0.1877738934684931,0.3646685906687547,0.09524638352872498
rocketfuel_ebone,known,432,sensitivity,bottleneck,0.3120663296154352,0.29376283027993355,0.2875732535695889,0.3120663296154352,0.10659758492139301
rocketfuel_ebone,known,433,bottleneck,bottleneck,0.42990291594802676,0.42990291594802676,0.18145293252979797,0.2526289328315724,0.1360152173548376
rocketfuel_ebone,known,434,bottleneck,sensitivity,0.42511062734122285,0.42511062734122285,0.22677685205880244,0.20203452710823405,0.14607799214619369
rocketfuel_ebone,known,435,bottleneck,bottleneck,0.3847804449349725,0.3847804449349725,0.2531205770956402,0.20720745423592857,0.15489152230559125
rocketfuel_ebone,known,436,bottleneck,gnn,0.5126154236417988,0.5126154236417988,0.061690684881491244,0.3226947512126999,0.10299913909707466
rocketfuel_ebone,known,437,topk,bottleneck,0.35448176201751497,0.26883940787998084,0.35448176201751497,0.21964353622518473,0.15703529221279736
rocketfuel_ebone,known,438,bottleneck,sensitivity,0.5993476792415071,0.5993476792415071,0.08300028939029018,0.15983511761926716,0.15781691275903487
rocketfuel_ebone,known,439,bottleneck,sensitivity,0.34647398109844885,0.34647398109844885,0.27456741216775427,0.19647713706733633,0.1824814681604031
rocketfuel_ebone,known,440,bottleneck,bottleneck,0.5041867537819357,0.5041867537819357,0.03302041574665609,0.34150628370498504,0.12128654558228356
rocketfuel_ebone,known,441,bottleneck,gnn,0.5308335453023633,0.5308335453023633,0.15212744121179683,0.20239618364979164,0.11464282870629885
rocketfuel_ebone,known,442,bottleneck,gnn,0.6161288908042537,0.6161288908042537,0.12676865765916162,0.06859574261277301,0.18850670796816413
rocketfuel_ebone,known,443,topk,gnn,0.41894192649555956,0.26230201614579174,0.41894192649555956,0.07985414178556856,0.23890191389521395
rocketfuel_ebone,known,444,bottleneck,topk,0.6103801694782531,0.6103801694782531,0.0692060190973981,0.14735765237811863,0.17305615807884858
rocketfuel_ebone,known,445,bottleneck,gnn,0.5767294536918169,0.5767294536918169,0.03119950984509814,0.2399310388193237,0.15213999660769295
rocketfuel_ebone,known,446,bottleneck,topk,0.5451811322806379,0.5451811322806379,0.03610507084949469,0.27361872677854704,0.14509506899085686
rocketfuel_ebone,known,447,bottleneck,gnn,0.6438345100092695,0.6438345100092695,0.03148547849102003,0.13631059884464605,0.18836941175596852
rocketfuel_ebone,known,448,bottleneck,sensitivity,0.5695254104543668,0.5695254104543668,0.11294385886117345,0.14416857221879215,0.17336215741489472
rocketfuel_ebone,known,449,bottleneck,bottleneck,0.5545762748317177,0.5545762748317177,0.040481638327439326,0.2934312561087427,0.11151082965081381
rocketfuel_ebone,known,450,bottleneck,sensitivity,0.5859346860475696,0.5859346860475696,0.011927972491051379,0.25177006343525193,0.15036727700884805
rocketfuel_ebone,known,451,bottleneck,sensitivity,0.3459837357351063,0.3459837357351063,0.3287976286215523,0.07693056418302681,0.24828806995325664
rocketfuel_ebone,known,452,bottleneck,topk,0.6011078360038636,0.6011078360038636,0.06718070406817081,0.1132007050800632,0.2185107538615946
rocketfuel_ebone,known,453,bottleneck,topk,0.592764861022919,0.592764861022919,0.019367912694896995,0.279171849471144,0.10869537580770262
rocketfuel_ebone,known,454,bottleneck,bottleneck,0.5915287420109341,0.5915287420109341,0.022144921726001573,0.23474800726494416,0.15157832799225981
rocketfuel_ebone,known,455,bottleneck,sensitivity,0.5789522164806409,0.5789522164806409,0.001049157076397575,0.30917230922791594,0.11082631618351452
rocketfuel_ebone,known,456,bottleneck,sensitivity,0.6622197207316916,0.6622197207316916,0.009240048937770291,0.18361098579538887,0.14492924367358065
rocketfuel_ebone,known,457,bottleneck,gnn,0.6334829578007463,0.6334829578007463,0.00530429615867663,0.3095698257291429,0.051642919391209276
rocketfuel_ebone,known,458,bottleneck,topk,0.6595546814482566,0.6595546814482566,0.010806501348113425,0.16456533532866194,0.1650734810079599
rocketfuel_ebone,known,459,bottleneck,gnn,0.5865865301462991,0.5865865301462991,0.01906676774205186,0.23028019097704253,0.16406651011865817
rocketfuel_ebone,known,460,bottleneck,sensitivity,0.5771784658028551,0.5771784658028551,0.06443527472485742,0.10265792599047252,0.2557283324466633
rocketfuel_ebone,known,461,bottleneck,topk,0.6715251789522088,0.6715251789522088,0.0324121970855398,0.11026595861778013,0.18579666450189655
rocketfuel_ebone,known,462,bottleneck,sensitivity,0.5939925137522815,0.5939925137522815,0.0156387787481215,0.2807695047697405,0.10959920172902492
rocketfuel_ebone,known,463,bottleneck,gnn,0.4657040918349308,0.4657040918349308,0.23086368183470204,0.10715809543910866,0.1962741296285694
rocketfuel_ebone,known,464,bottleneck,topk,0.6690951172553399,0.6690951172553399,0.02772366039122316,0.20140711865546587,0.10177410285043643
rocketfuel_ebone,known,465,bottleneck,bottleneck,0.5518790849338012,0.5518790849338012,0.13341735836753493,0.02719982923568847,0.2875037263761835
rocketfuel_ebone,known,466,bottleneck,sensitivity,0.5631275676562062,0.5631275676562062,0.15413491370031773,0.07951440840590623,0.2032231091737381
rocketfuel_ebone,known,467,bottleneck,bottleneck,0.626545026319692,0.626545026319692,0.004144424500945056,0.24763826211384365,0.12167228613113293
rocketfuel_ebone,known,468,bottleneck,bottleneck,0.7794399926183221,0.7794399926183221,0.02137984879716285,0.08280708607784917,0.11637307188436297
rocketfuel_ebone,known,469,sensitivity,sensitivity,0.5029980467893027,0.4937141510132735,0.0011229238127520537,0.5029980467893027,0.0021648771791556855
rocketfuel_ebone,known,470,sensitivity,bottleneck,0.4999837393280111,0.49805631597891564,0.0006723634800193375,0.4999837393280111,0.0012875800164009737
rocketfuel_ebone,known,471,bottleneck,sensitivity,0.6846382836750753,0.6846382836750753,0.004539879421277633,0.2473695655369755,0.06345227055086285
rocketfuel_ebone,known,472,bottleneck,bottleneck,0.7596360900260877,0.7596360900260877,0.002262660739262098,0.18380213048557134,0.054299118086353224
rocketfuel_ebone,known,473,bottleneck,gnn,0.5838821124836364,0.5838821124836364,0.013611652504140268,0.3997032086283034,0.0028030253624514783
rocketfuel_ebone,known,474,sensitivity,topk,0.5169760062052815,0.4800672463425142,0.0025220158084065082,0.5169760062052815,0.0004347304104263353
rocketfuel_ebone,known,475,bottleneck,topk,0.5550043239509914,0.5550043239509914,0.17445707941758043,0.1877933397858514,0.08274525576516398
rocketfuel_ebone,known,476,bottleneck,gnn,0.6347588821748911,0.6347588821748911,0.035625266729242995,0.19851266429660885,0.13110318588163627
rocketfuel_ebone,known,477,bottleneck,topk,0.5357177855814412,0.5357177855814412,0.025045336721285893,0.2688386824872649,0.1703981940902282
rocketfuel_ebone,known,478,bottleneck,topk,0.5159124481901415,0.5159124481901415,0.0073317609632347625,0.26842986278098163,0.20832592690543641
rocketfuel_ebone,known,479,bottleneck,bottleneck,0.4948494684300164,0.4948494684300164,0.11358797609645768,0.1788793708552814,0.21268318341504586
rocketfuel_ebone,known,480,bottleneck,bottleneck,0.4217580222956117,0.4217580222956117,0.05328463886569676,0.235214142642674,0.28974319484362715
rocketfuel_ebone,known,481,bottleneck,bottleneck,0.555407413903754,0.555407413903754,0.08323235177626923,0.28533405078756896,0.07602618245281781
rocketfuel_ebone,known,482,bottleneck,gnn,0.5193641652864041,0.5193641652864041,0.007161406193278383,0.26178971614869984,0.21168471121845767
rocketfuel_ebone,known,483,bottleneck,sensitivity,0.5220563325145547,0.5220563325145547,0.13983385344714952,0.20571253822702354,0.13239727466360723
rocketfuel_ebone,known,484,bottleneck,sensitivity,0.38013057481060997,0.38013057481060997,0.09361291868936036,0.23308310500952328,0.2931734000531477
rocketfuel_ebone,known,485,bottleneck,bottleneck,0.4348652367133755,0.4348652367133755,0.06454525400285252,0.2753483823430025,0.22524112561513315
rocketfuel_ebone,known,486,bottleneck,sensitivity,0.4365012773407092,0.4365012773407092,0.1789842081520381,0.24257015845698343,0.14194435472797234
rocketfuel_ebone,known,487,bottleneck,bottleneck,0.3236106009599502,0.3236106009599502,0.23470572965234707,0.2150364570769494,0.22664721075802796
rocketfuel_ebone,known,488,gnn,sensitivity,0.42712585016617954,0.2934436592822554,0.03731657385039412,0.24211391508687005,0.42712585016617954
rocketfuel_ebone,known,489,bottleneck,sensitivity,0.5399264787992842,0.5399264787992842,0.04174339396714616,0.30238199127912496,0.11594813484325561
rocketfuel_ebone,known,490,bottleneck,bottleneck,0.3432629418387959,0.3432629418387959,0.1850415750391855,0.21218106687669172,0.25951441473271525
rocketfuel_ebone,known,491,bottleneck,sensitivity,0.678273091809483,0.678273091809483,0.030475355452823528,0.1336561665776266,0.1575953853312659
rocketfuel_ebone,known,492,bottleneck,sensitivity,0.47420315836853083,0.47420315836853083,0.2718090127794463,0.21170735023722823,0.04228047736945354
rocketfuel_ebone,known,493,bottleneck,gnn,0.4952324176668465,0.4952324176668465,0.08177443957175469,0.15256046389666894,0.2704326776623128
rocketfuel_ebone,known,494,bottleneck,gnn,0.34516520214477275,0.34516520214477275,0.26142640092809544,0.15626805033451655,0.2371403450838864
rocketfuel_ebone,known,495,bottleneck,sensitivity,0.5479714599331637,0.5479714599331637,0.20566286987818927,0.13615583929412714,0.11020982979975201
rocketfuel_ebone,known,496,bottleneck,bottleneck,0.3490783462019227,0.3490783462019227,0.244990773309747,0.1314672275662751,0.2744636514213139
rocketfuel_ebone,known,497,topk,gnn,0.5407890894078792,0.2471576477596274,0.5407890894078792,0.07840090855884488,0.13365235256486993
rocketfuel_ebone,known,498,bottleneck,gnn,0.409389995080562,0.409389995080562,0.034243138219831305,0.14865242316208999,0.4077144421598812
rocketfuel_ebone,known,499,topk,gnn,0.5089164433855947,0.39750113671392623,0.5089164433855947,0.07367501979881638,0.019907398699760215
rocketfuel_sprintlink,known,425,bottleneck,bottleneck,0.9990949056059062,0.9990949056059062,0.0009047372730180918,1.8055854891643244e-08,3.390468048315127e-07
rocketfuel_sprintlink,known,426,bottleneck,bottleneck,0.995002817908582,0.995002817908582,0.004989248398857889,1.3943583963063274e-07,7.794229140833764e-06
rocketfuel_sprintlink,known,427,bottleneck,bottleneck,0.9966885856378573,0.9966885856378573,0.003305405134765934,7.58089785637473e-08,5.9333945832403305e-06
rocketfuel_sprintlink,known,428,bottleneck,bottleneck,0.9968870695031932,0.9968870695031932,0.0031066145034001243,2.8919587545244205e-08,6.2870504599905215e-06
rocketfuel_sprintlink,known,429,bottleneck,bottleneck,0.9993308861457253,0.9993308861457253,0.000668550945093919,2.6315725688006724e-09,5.602597155149035e-07
rocketfuel_sprintlink,known,430,bottleneck,bottleneck,0.9991138477454188,0.9991138477454188,0.0008857741037633386,1.5332303622712633e-09,3.7659922153017375e-07
rocketfuel_sprintlink,known,431,bottleneck,bottleneck,0.989285655439006,0.989285655439006,0.010456256918525598,1.0013806203655367e-07,0.0002579874606367855
rocketfuel_sprintlink,known,432,bottleneck,bottleneck,0.9955878897889604,0.9955878897889604,0.004407142285344835,1.3661988232002193e-08,4.954237520932138e-06
rocketfuel_sprintlink,known,433,bottleneck,topk,0.9988331579430068,0.9988331579430068,0.0011624019228770241,9.4177585496597e-09,4.4306973114788615e-06
rocketfuel_sprintlink,known,434,bottleneck,bottleneck,0.9615083036968751,0.9615083036968751,0.0384357888687203,4.297950454315799e-07,5.547753734569077e-05
rocketfuel_sprintlink,known,435,bottleneck,bottleneck,0.9985043666034074,0.9985043666034074,0.0014880986259105796,7.752655351979895e-10,7.533975607452557e-06
rocketfuel_sprintlink,known,436,bottleneck,bottleneck,0.9496197189938931,0.9496197189938931,0.050332614896956326,1.213282002626685e-07,4.754465310035577e-05
rocketfuel_sprintlink,known,437,bottleneck,bottleneck,0.9755957223486408,0.9755957223486408,0.024280568863046192,1.9202693432203158e-07,0.0001235166894475525
rocketfuel_sprintlink,known,438,bottleneck,bottleneck,0.9891629108567483,0.9891629108567483,0.010747972597610584,2.5529171324656957e-07,8.886121227362954e-05
rocketfuel_sprintlink,known,439,bottleneck,topk,0.9799822305428139,0.9799822305428139,0.019836878032383556,2.9373016076482477e-07,0.00018059763145982785
rocketfuel_sprintlink,known,440,bottleneck,bottleneck,0.999375406589664,0.999375406589664,0.0006242665339905345,9.809613646439272e-09,3.170489369632282e-07
rocketfuel_sprintlink,known,441,bottleneck,bottleneck,0.9999656969200663,0.9999656969200663,3.845210134413295e-06,1.478176062783378e-07,3.0310035183068972e-05
rocketfuel_sprintlink,known,442,bottleneck,bottleneck,0.9999486833392291,0.9999486833392291,4.994816642471839e-05,3.803100858244822e-08,1.3304467718836478e-06
rocketfuel_sprintlink,known,443,bottleneck,bottleneck,0.9999586347727261,0.9999586347727261,3.569316425763389e-05,2.5581536852195153e-06,3.1138914113925585e-06
rocketfuel_sprintlink,known,444,bottleneck,bottleneck,0.9998913005652368,0.9998913005652368,0.00010006581046173997,5.361210440482698e-06,3.2723942897503998e-06
rocketfuel_sprintlink,known,445,bottleneck,bottleneck,0.9999917313152867,0.9999917313152867,1.4556146643593932e-06,4.84008315385707e-06,1.9729678425743193e-06
rocketfuel_sprintlink,known,446,bottleneck,bottleneck,0.9996990967519973,0.9996990967519973,0.0002690410016577791,1.2175227084295501e-05,1.9686995377918785e-05
rocketfuel_sprintlink,known,447,bottleneck,bottleneck,0.9999043128323888,0.9999043128323888,8.471271176428111e-05,6.164407344397419e-06,4.81002850727197e-06
rocketfuel_sprintlink,known,448,bottleneck,gnn,0.9971473936752042,0.9971473936752042,0.00277204148803779,1.4193762303753801e-05,6.637104320352003e-05
rocketfuel_sprintlink,known,449,bottleneck,gnn,0.9999793102132168,0.9999793102132168,8.83868613278464e-06,1.1294875990776858e-05,5.562021433036332e-07
rocketfuel_sprintlink,known,450,bottleneck,bottleneck,0.9999939357445266,0.9999939357445266,1.7208419122600005e-06,2.46869436994674e-06,1.8747014152652896e-06
rocketfuel_sprintlink,known,451,bottleneck,bottleneck,0.999983013306503,0.999983013306503,2.9859023015228974e-06,3.647484824196821e-06,1.0353287816286667e-05
rocketfuel_sprintlink,known,452,bottleneck,bottleneck,0.9998760840879278,0.9998760840879278,0.00010218711370986387,8.127702612130805e-06,1.3601074513110547e-05
rocketfuel_sprintlink,known,453,bottleneck,bottleneck,0.9999696965077146,0.9999696965077146,1.9244446069566325e-05,2.7737587402561236e-06,8.28526938928403e-06
rocketfuel_sprintlink,known,454,bottleneck,bottleneck,0.9985764898743861,0.9985764898743861,0.001417373935217965,1.712882018888631e-06,4.4232878547603915e-06
rocketfuel_sprintlink,known,455,bottleneck,gnn,0.9999101717302454,0.9999101717302454,2.089263603739027e-05,5.849559680957305e-06,6.308605337200149e-05
rocketfuel_sprintlink,known,456,bottleneck,gnn,0.9999203218229284,0.9999203218229284,1.989911526959765e-05,5.156043361498347e-05,8.218583862677874e-06
rocketfuel_sprintlink,known,457,bottleneck,topk,0.9998426739597139,0.9998426739597139,0.00010162217914278955,2.138783332638082e-05,3.431599910183958e-05
rocketfuel_sprintlink,known,458,bottleneck,bottleneck,0.9974978312293443,0.9974978312293443,0.0023516291956084618,6.13832929832639e-06,0.00014440121844381935
rocketfuel_sprintlink,known,459,bottleneck,bottleneck,0.9999972509556769,0.9999972509556769,1.0384042898499756e-06,8.305619308253968e-07,8.800612255811828e-07
rocketfuel_sprintlink,known,460,bottleneck,bottleneck,0.999989856718978,0.999989856718978,1.89201600445091e-06,3.6757950198584555e-06,4.57545152673987e-06
rocketfuel_sprintlink,known,461,bottleneck,bottleneck,0.9999078070575164,0.9999078070575164,6.470599046908184e-05,1.4709099750428989e-05,1.2777827583740374e-05
rocketfuel_sprintlink,known,462,bottleneck,gnn,0.9997736849283335,0.9997736849283335,1.3426389992665006e-05,1.5905066886563028e-05,0.000196983586483431
rocketfuel_sprintlink,known,463,bottleneck,bottleneck,0.9999959638548443,0.9999959638548443,1.566930534010384e-07,1.9058836297440196e-06,1.9735510009359182e-06
rocketfuel_sprintlink,known,464,bottleneck,bottleneck,0.9999849295308502,0.9999849295308502,6.119511912823514e-06,5.773344215335964e-06,3.1775934368664937e-06
rocketfuel_sprintlink,known,465,bottleneck,gnn,0.9999179112968364,0.9999179112968364,1.2728484945585784e-05,8.434853887936955e-06,6.0925342329799745e-05
rocketfuel_sprintlink,known,466,bottleneck,gnn,0.9999460991905005,0.9999460991905005,2.066738739015756e-05,1.4531469298531179e-05,1.8701928223168155e-05
rocketfuel_sprintlink,known,467,bottleneck,bottleneck,0.999991483589574,0.999991483589574,1.2347289365397008e-06,2.593701066607471e-06,4.687962533378264e-06
rocketfuel_sprintlink,known,468,bottleneck,gnn,0.9999949385973286,0.9999949385973286,8.252730396647748e-07,2.2751956145836733e-06,1.960916345662091e-06
rocketfuel_sprintlink,known,469,bottleneck,topk,0.9999437025468991,0.9999437025468991,4.1230702682570974e-05,6.992333434064617e-06,8.074396584496795e-06
rocketfuel_sprintlink,known,470,bottleneck,gnn,0.9998243261524025,0.9998243261524025,0.00012754987675435897,1.2449825627681349e-05,3.5674121227608035e-05
rocketfuel_sprintlink,known,471,bottleneck,gnn,0.99941940447763,0.99941940447763,0.0005338183112603052,1.4988516319545672e-05,3.178866860968506e-05
rocketfuel_sprintlink,known,472,bottleneck,bottleneck,0.999991888383847,0.999991888383847,5.566938252912982e-06,2.3993874936421993e-06,1.452726883021633e-07
rocketfuel_sprintlink,known,473,bottleneck,bottleneck,0.9998278326242683,0.9998278326242683,0.00014580943558793546,2.634234675718812e-05,1.556248586664224e-08
rocketfuel_sprintlink,known,474,bottleneck,topk,0.9999268700297945,0.9999268700297945,7.24943578683954e-05,5.927691562696867e-07,4.2826288996300205e-08
rocketfuel_sprintlink,known,475,bottleneck,topk,0.9885973966998096,0.9885973966998096,0.011394993743455931,3.51004563558878e-06,4.099467696133363e-06
rocketfuel_sprintlink,known,476,bottleneck,bottleneck,0.9972867691751206,0.9972867691751206,0.0027129159372952715,2.86242203705463e-07,2.8622853086027952e-08
rocketfuel_sprintlink,known,477,bottleneck,bottleneck,0.9961981858579111,0.9961981858579111,0.0037993591552821465,3.22343041873784e-07,2.1326187959432396e-06
rocketfuel_sprintlink,known,478,bottleneck,bottleneck,0.9982495548424131,0.9982495548424131,0.0017474593707862808,1.120055811312156e-06,1.8657101035527228e-06
rocketfuel_sprintlink,known,479,bottleneck,bottleneck,0.9988929240189703,0.9988929240189703,0.0011066175487028428,2.0080867066881593e-08,4.3833259744637173e-07
rocketfuel_sprintlink,known,480,bottleneck,bottleneck,0.9983144741453831,0.9983144741453831,0.0016837905496294783,2.8967486391510662e-08,1.7063173446819436e-06
rocketfuel_sprintlink,known,481,bottleneck,topk,0.9950879242878387,0.9950879242878387,0.004879946180322423,3.199792314133232e-08,3.209750622603458e-05
rocketfuel_sprintlink,known,482,bottleneck,bottleneck,0.9908763763730354,0.9908763763730354,0.009119338624256585,2.942153037984358e-07,3.990750732101003e-06
rocketfuel_sprintlink,known,483,bottleneck,bottleneck,0.9988295155285756,0.9988295155285756,0.0011701326533230187,1.6264974108816624e-09,3.50172613415729e-07
rocketfuel_sprintlink,known,484,bottleneck,gnn,0.9967055307788295,0.9967055307788295,0.0032898306280712535,1.0808609231281169e-08,4.627760766132324e-06
rocketfuel_sprintlink,known,485,bottleneck,bottleneck,0.9948573178479998,0.9948573178479998,0.005114111821991124,1.3918948566478267e-07,2.843111232319247e-05
rocketfuel_sprintlink,known,486,bottleneck,topk,0.9955594961238894,0.9955594961238894,0.004433013149131322,3.300095400617289e-08,7.45769973057443e-06
rocketfuel_sprintlink,known,487,bottleneck,topk,0.9967854464440966,0.9967854464440966,0.0032110266594126686,1.8648561013775075e-07,3.340387256965561e-06
rocketfuel_sprintlink,known,488,bottleneck,topk,0.9839001970070302,0.9839001970070302,0.016067850936455137,2.4788889194106407e-08,3.192721536437081e-05
rocketfuel_sprintlink,known,489,bottleneck,bottleneck,0.9919093189344261,0.9919093189344261,0.008079530647656683,1.797924572109542e-07,1.0970591016549033e-05
rocketfuel_sprintlink,known,490,bottleneck,topk,0.9942492225225132,0.9942492225225132,0.00574469509199987,3.470465530867039e-06,2.6118890123796333e-06
rocketfuel_sprintlink,known,491,bottleneck,bottleneck,0.9968543042442547,0.9968543042442547,0.0031422460559907208,2.6300350470431732e-08,3.4233760163740772e-06
rocketfuel_sprintlink,known,492,bottleneck,topk,0.9870402487424962,0.9870402487424962,0.012950736654414919,1.0439358582394295e-06,7.970621671492415e-06
rocketfuel_sprintlink,known,493,bottleneck,topk,0.9957488608685905,0.9957488608685905,0.004249531722682292,1.3229258449500572e-07,1.475090298307846e-06
rocketfuel_sprintlink,known,494,bottleneck,bottleneck,0.9265535536027144,0.9265535536027144,0.07342825732657203,3.4629292552826457e-07,1.7842599577807755e-05
rocketfuel_sprintlink,known,495,bottleneck,bottleneck,0.996631375398473,0.996631375398473,0.0033678298584927453,2.8897241523425695e-08,7.658219527241512e-07
rocketfuel_sprintlink,known,496,bottleneck,bottleneck,0.995491608129766,0.995491608129766,0.004507104631616599,3.351883289746137e-08,1.2536934308863711e-06
rocketfuel_sprintlink,known,497,bottleneck,bottleneck,0.974097893841544,0.974097893841544,0.025898032565449192,2.796181905597409e-07,3.7939012949287433e-06
rocketfuel_sprintlink,known,498,bottleneck,topk,0.9978294054135277,0.9978294054135277,0.0021700217169321645,2.0339006863766174e-09,5.708144485276012e-07
rocketfuel_sprintlink,known,499,bottleneck,bottleneck,0.9982298589907898,0.9982298589907898,0.0017699435726487218,3.338194007234519e-09,1.9407806098643385e-07
rocketfuel_tiscali,known,425,bottleneck,sensitivity,0.9314191579936593,0.9314191579936593,7.51310970129838e-08,0.06854989297519265,3.087383211473237e-05
rocketfuel_tiscali,known,426,bottleneck,gnn,0.9137440698509771,0.9137440698509771,7.369568206016349e-06,0.08622104999785599,2.7510503919149124e-05
rocketfuel_tiscali,known,427,bottleneck,topk,0.95724350637239,0.95724350637239,3.5634584186103036e-07,0.04273007749949693,2.6059729910071572e-05
rocketfuel_tiscali,known,428,bottleneck,bottleneck,0.9747941663493662,0.9747941663493662,1.249691130859176e-07,0.02517279524161551,3.2913392915894226e-05
rocketfuel_tiscali,known,429,bottleneck,bottleneck,0.9769804866613299,0.9769804866613299,4.6522886855962e-06,0.0229401634795816,7.46974996428357e-05
rocketfuel_tiscali,known,430,bottleneck,topk,0.9984188523230414,0.9984188523230414,0.00010042442550460685,0.0014680136177957495,1.270955565390163e-05
rocketfuel_tiscali,known,431,bottleneck,bottleneck,0.9891771926828046,0.9891771926828046,3.1050038472080653e-05,0.010783230386314879,8.526849224175633e-06
rocketfuel_tiscali,known,432,bottleneck,gnn,0.9992659260755399,0.9992659260755399,1.2389979244076024e-06,0.0006445257815008809,8.830908013418458e-05
rocketfuel_tiscali,known,433,bottleneck,gnn,0.9997503037430474,0.9997503037430474,4.970518674277099e-06,0.00019026254221475114,5.446314758982685e-05
rocketfuel_tiscali,known,434,bottleneck,bottleneck,0.9999916430697237,0.9999916430697237,1.9201003045896475e-06,3.545647621699031e-06,2.8911633476085746e-06
rocketfuel_tiscali,known,435,bottleneck,bottleneck,0.9992361834651405,0.9992361834651405,4.465232641782382e-06,0.0007325541244246104,2.679714419410976e-05
rocketfuel_tiscali,known,436,bottleneck,bottleneck,0.9946357070230158,0.9946357070230158,1.3452493954057276e-05,0.00534012824468289,1.0712206221030685e-05
rocketfuel_tiscali,known,437,bottleneck,bottleneck,0.9992063132915765,0.9992063132915765,9.979060044205175e-07,0.000738466702975802,5.422205295683841e-05
rocketfuel_tiscali,known,438,bottleneck,bottleneck,0.9999082360685705,0.9999082360685705,1.8707683479040872e-08,4.708784309893938e-05,4.46573401830673e-05
rocketfuel_tiscali,known,439,bottleneck,bottleneck,0.9981157898123968,0.9981157898123968,5.0823079872969917e-08,0.0018692899321261405,1.4869407008923105e-05
rocketfuel_tiscali,known,440,bottleneck,bottleneck,0.9638116583904089,0.9638116583904089,3.310452050677902e-05,0.03615203573789536,3.201296856120198e-06
rocketfuel_tiscali,known,441,bottleneck,gnn,0.9918273110090764,0.9918273110090764,2.1479261789731324e-08,0.008165843046478025,6.824440934220395e-06
rocketfuel_tiscali,known,442,bottleneck,bottleneck,0.9986900094345674,0.9986900094345674,1.3711545945381157e-06,0.0012887376549806798,1.9881727358690857e-05
rocketfuel_tiscali,known,443,bottleneck,bottleneck,0.9685481703947503,0.9685481703947503,2.1312928441618059e-07,0.031447580384676196,4.036056590112475e-06
rocketfuel_tiscali,known,444,bottleneck,bottleneck,0.5473771770587725,0.5473771770587725,6.349885781956579e-08,0.45262274037667133,1.881894367009561e-08
rocketfuel_tiscali,known,445,bottleneck,bottleneck,0.9742517035691081,0.9742517035691081,2.9051814872211896e-09,0.025747246209805296,1.0472858270638172e-06
rocketfuel_tiscali,known,446,bottleneck,sensitivity,0.6310263662324936,0.6310263662324936,5.254583036941501e-09,0.3689731949804526,4.333280860537866e-07
rocketfuel_tiscali,known,447,bottleneck,sensitivity,0.6807142566293813,0.6807142566293813,3.9135665318566594e-11,0.3192857157038841,2.7448716617201137e-08
rocketfuel_tiscali,known,448,bottleneck,bottleneck,0.7330607180641843,0.7330607180641843,5.877306634697822e-10,0.2669392495569534,3.163888104023601e-08
rocketfuel_tiscali,known,449,sensitivity,sensitivity,0.7339596855328583,0.26604030896808245,1.0637074206444117e-09,0.7339596855328583,4.045493094884633e-09
rocketfuel_tiscali,known,450,bottleneck,bottleneck,0.9115386353267139,0.9115386353267139,4.0795899574480834e-10,0.08846034438153526,1.019821821193138e-06
rocketfuel_tiscali,known,451,bottleneck,bottleneck,0.8350907551764922,0.8350907551764922,4.256533028380634e-10,0.16490922570233799,1.859518641455622e-08
rocketfuel_tiscali,known,452,bottleneck,bottleneck,0.9302898504847344,0.9302898504847344,6.509200849226709e-10,0.06971012038759103,2.8424856749499216e-08
rocketfuel_tiscali,known,453,bottleneck,bottleneck,0.7337888841084668,0.7337888841084668,2.6266200376668212e-09,0.26621103302799276,8.008501312220695e-08
rocketfuel_tiscali,known,454,bottleneck,bottleneck,0.9478513464930727,0.9478513464930727,1.4047170633931212e-09,0.05214687773647488,1.774321834855949e-06
rocketfuel_tiscali,known,455,bottleneck,bottleneck,0.9719494939130257,0.9719494939130257,3.569240652860365e-10,0.028050218525633202,2.8717357719483547e-07
rocketfuel_tiscali,known,456,bottleneck,sensitivity,0.5046131429085035,0.5046131429085035,6.769944898057464e-11,0.49538685659191867,1.6340959181313373e-10
rocketfuel_tiscali,known,457,bottleneck,bottleneck,0.9764412860720656,0.9764412860720656,3.231342558449513e-10,0.02355863410344169,7.947291582059973e-08
rocketfuel_tiscali,known,458,bottleneck,sensitivity,0.8357625002146667,0.8357625002146667,1.1602402708281168e-08,0.16423742777330677,6.030960705857097e-08
rocketfuel_tiscali,known,459,bottleneck,bottleneck,0.8097598844571378,0.8097598844571378,2.2033610206875406e-10,0.19023995802153792,1.571876953055238e-07
rocketfuel_tiscali,known,460,bottleneck,bottleneck,0.8056578122838716,0.8056578122838716,2.216272992159519e-09,0.19434212483277102,6.055175519259593e-08
rocketfuel_tiscali,known,461,bottleneck,bottleneck,0.9706573256178005,0.9706573256178005,1.6699336428952549e-07,0.029338569215752196,3.938139534592691e-06
rocketfuel_tiscali,known,462,bottleneck,sensitivity,0.9762809755899026,0.9762809755899026,3.240130783844697e-10,0.02371882545081888,1.9860667707467082e-07
rocketfuel_tiscali,known,463,bottleneck,bottleneck,0.5037463900701702,0.5037463900701702,1.7035182493726838e-10,0.4962536085867099,9.038576821120062e-10
rocketfuel_tiscali,known,464,sensitivity,bottleneck,0.6032839063134691,0.3967160607243794,4.9213847293964075e-09,0.6032839063134691,2.771738183821873e-08
rocketfuel_tiscali,known,465,bottleneck,bottleneck,0.7346591521856269,0.7346591521856269,1.582349378436288e-08,0.26534028284935485,5.489898007897302e-07
rocketfuel_tiscali,known,466,bottleneck,sensitivity,0.8673513105941805,0.8673513105941805,4.9595129695718804e-09,0.13264862899892654,5.536344206172395e-08
rocketfuel_tiscali,known,467,bottleneck,sensitivity,0.8347395334638771,0.8347395334638771,1.1164409458665599e-09,0.16525962996839985,8.35350334125075e-07
rocketfuel_tiscali,known,468,bottleneck,sensitivity,0.5721347871661914,0.5721347871661914,1.5890190584391274e-08,0.42786519431382075,2.3956737832146705e-09
rocketfuel_tiscali,known,469,bottleneck,bottleneck,0.9263194342007031,0.9263194342007031,8.108241954804451e-09,0.07367943046667295,1.127169870063352e-06
rocketfuel_tiscali,known,470,bottleneck,gnn,0.9061676685731559,0.9061676685731559,2.7666919974287858e-08,0.09383059808116012,1.7056136771842061e-06
rocketfuel_tiscali,known,471,bottleneck,bottleneck,0.989272401994022,0.989272401994022,4.6482898315831324e-07,0.010726832611967427,3.005427449483534e-07
rocketfuel_tiscali,known,472,bottleneck,sensitivity,0.9478346895493813,0.9478346895493813,9.2463743847258e-08,0.05216520828318638,9.660678517928819e-09
rocketfuel_tiscali,known,473,bottleneck,sensitivity,0.9629033445411236,0.9629033445411236,3.435889050825868e-08,0.03707529492041488,2.1326132806081052e-05
rocketfuel_tiscali,known,474,bottleneck,sensitivity,0.9698944428197168,0.9698944428197168,1.977776654686705e-07,0.030088960193036297,1.6399168932972537e-05
rocketfuel_tiscali,known,475,bottleneck,sensitivity,0.9940820969097814,0.9940820969097814,7.3461580018203375e-09,0.005841893639180104,7.600204461673245e-05
rocketfuel_tiscali,known,476,bottleneck,bottleneck,0.999651547470523,0.999651547470523,3.0739945713240393e-06,0.00034185601497311804,3.5224997978085253e-06
rocketfuel_tiscali,known,477,bottleneck,bottleneck,0.9826113173132539,0.9826113173132539,2.438419837990285e-06,0.017344302436381135,4.194178142110729e-05
rocketfuel_tiscali,known,478,bottleneck,bottleneck,0.9974010508559122,0.9974010508559122,2.3656152898742957e-09,0.0025927576115582704,6.18914585215398e-06
rocketfuel_tiscali,known,479,bottleneck,bottleneck,0.9993491883479562,0.9993491883479562,8.959221755150041e-07,0.0006216995122992031,2.8216185183057283e-05
rocketfuel_tiscali,known,480,bottleneck,bottleneck,0.9955791621927458,0.9955791621927458,7.899971884029827e-08,0.004410391781804956,1.0367001455578702e-05
rocketfuel_tiscali,known,481,bottleneck,bottleneck,0.9975690031712094,0.9975690031712094,1.6848557698270916e-07,0.002428184231655302,2.644092397070972e-06
rocketfuel_tiscali,known,482,bottleneck,bottleneck,0.9998991820175872,0.9998991820175872,1.1832323118156829e-07,3.494024105541531e-05,6.5759366265728e-05
rocketfuel_tiscali,known,483,bottleneck,sensitivity,0.9998978101143052,0.9998978101143052,6.07067342239325e-08,6.579563219167049e-05,3.63335107492317e-05
rocketfuel_tiscali,known,484,bottleneck,bottleneck,0.999624687633666,0.999624687633666,2.188606037690848e-07,0.00034864248855845105,2.645098623789236e-05
rocketfuel_tiscali,known,485,bottleneck,bottleneck,0.9998435409630353,0.9998435409630353,6.903732923114404e-08,7.82437558476507e-05,7.814618527034467e-05
rocketfuel_tiscali,known,486,bottleneck,bottleneck,0.9729760323112043,0.9729760323112043,3.843053802006741e-08,0.027021208946644056,2.7202799682035456e-06
rocketfuel_tiscali,known,487,bottleneck,bottleneck,0.9998464395554113,0.9998464395554113,1.7019163725481864e-07,0.00011543457140194748,3.7955644573309703e-05
rocketfuel_tiscali,known,488,bottleneck,bottleneck,0.9983771384617972,0.9983771384617972,1.6066989839660032e-08,0.0016130984433787735,9.747005349756526e-06
rocketfuel_tiscali,known,489,bottleneck,bottleneck,0.9919598939794305,0.9919598939794305,4.3011845053612396e-08,0.008036156549967794,3.906436130616624e-06
rocketfuel_tiscali,known,490,bottleneck,bottleneck,0.9980823257133841,0.9980823257133841,2.9734789854231467e-08,0.001910268175233962,7.376355223898863e-06
rocketfuel_tiscali,known,491,bottleneck,bottleneck,0.9742354019023279,0.9742354019023279,1.957625560814519e-06,0.025719645934157754,4.299448427854714e-05
rocketfuel_tiscali,known,492,bottleneck,bottleneck,0.9915164273657084,0.9915164273657084,1.4078389426300853e-05,0.008426305283455756,4.318890991035409e-05
rocketfuel_tiscali,known,493,bottleneck,bottleneck,0.9883749736817397,0.9883749736817397,1.1487590851395324e-05,0.01158056213643086,3.297654475972389e-05
rocketfuel_tiscali,known,494,bottleneck,gnn,0.8676811832886837,0.8676811832886837,5.782162168601191e-06,0.13230977516875422,3.2592917978844554e-06
rocketfuel_tiscali,known,495,bottleneck,bottleneck,0.9806621111585586,0.9806621111585586,4.246448484865741e-06,0.01932758448174214,6.057879425708713e-06
rocketfuel_tiscali,known,496,bottleneck,gnn,0.9054721438077604,0.9054721438077604,9.618690366750092e-08,0.09452650606983043,1.2538702707540598e-06
rocketfuel_tiscali,known,497,bottleneck,sensitivity,0.6109408910069613,0.6109408910069613,2.9466222258564667e-06,0.3890523255367882,3.836616011281384e-06
rocketfuel_tiscali,known,498,bottleneck,bottleneck,0.9450232446727636,0.9450232446727636,1.1163512131547952e-05,0.05496033174049852,5.26002139672524e-06
rocketfuel_tiscali,known,499,bottleneck,sensitivity,0.9798496593364285,0.9798496593364285,9.580905335996238e-07,0.020132319575865875,1.7062960823567603e-05
germany50,unseen,244,gnn,gnn,0.9970980292567792,0.0024377114946427894,5.342215757022238e-17,0.00046425768449955956,0.9970980292567792
germany50,unseen,245,gnn,gnn,0.9991925850081741,0.0007836100384386458,1.5282992359152687e-18,2.3804515803512276e-05,0.9991925850081741
germany50,unseen,246,gnn,gnn,0.9995740483354599,0.00039709390312880167,2.6668892239982786e-18,2.8857528986141164e-05,0.9995740483354599
germany50,unseen,247,gnn,gnn,0.9986181551285148,0.0011544054625259384,1.0461310118894131e-16,0.0002274386624352464,0.9986181551285148
germany50,unseen,248,gnn,gnn,0.9993402229202524,0.0006040926637188702,2.400850891254125e-17,5.5684057847611545e-05,0.9993402229202524
germany50,unseen,249,gnn,gnn,0.9965726502149137,0.002759222713147911,7.072220526782531e-17,0.000668125225300312,0.9965726502149137
germany50,unseen,250,gnn,gnn,0.989735293813209,0.005248065738683144,9.938254106523555e-16,0.005016634924199683,0.989735293813209
germany50,unseen,251,gnn,gnn,0.9909135557475048,0.005131278389718284,1.8663705232157095e-16,0.00395516097256215,0.9909135557475048
germany50,unseen,252,gnn,gnn,0.9658314840502403,0.020435342255349785,1.797833497568809e-15,0.013733155314543692,0.9658314840502403
germany50,unseen,253,gnn,gnn,0.9944105970635181,0.005103972039792722,5.0970869501920025e-17,0.0004854278872550271,0.9944105970635181
germany50,unseen,254,gnn,gnn,0.9966001116139168,0.0030230926867108837,6.512004135765215e-17,0.00037679386750348105,0.9966001116139168
germany50,unseen,255,gnn,gnn,0.9927621498318618,0.006819168571648964,2.5614914494275206e-16,0.0004186777004862661,0.9927621498318618
germany50,unseen,256,gnn,gnn,0.9808281198888142,0.018697562739933164,9.094203033585276e-17,0.0004743070568866754,0.9808281198888142
germany50,unseen,257,gnn,gnn,0.9923202087458775,0.006698495699700972,1.5669288862716086e-16,0.0009812914207339755,0.9923202087458775
germany50,unseen,258,gnn,gnn,0.9905397117483631,0.008076179307209103,1.809608081365336e-16,0.0013841038531526115,0.9905397117483631
germany50,unseen,259,gnn,gnn,0.9958645928061941,0.004017482647341169,3.8349294291055666e-17,0.00011792231901905666,0.9958645928061941
germany50,unseen,260,gnn,gnn,0.9955365624904533,0.004060606833719317,1.9966507227326978e-17,0.0004028282719601607,0.9955365624904533
germany50,unseen,261,gnn,gnn,0.9922791690659458,0.00724339229844771,7.61619089701494e-17,0.00047743447984706925,0.9922791690659458
germany50,unseen,262,gnn,gnn,0.9964524021120073,0.0030982312781257567,2.8082821353814276e-17,0.00044936469855717007,0.9964524021120073
germany50,unseen,263,gnn,gnn,0.999690053290659,0.00030974865860519923,3.0976871917088044e-19,1.978807005947751e-07,0.999690053290659
germany50,unseen,264,gnn,gnn,0.9936980990934401,0.004772256733013362,9.677922755343019e-17,0.0015296407809161738,0.9936980990934401
germany50,unseen,265,bottleneck,gnn,0.9999991246264037,0.9999991246264037,7.875290475678092e-40,1.1488376001611892e-31,3.3755006706690664e-07
germany50,unseen,266,bottleneck,gnn,0.9999994621762892,0.9999994621762892,0.0,0.0,2.585818875573257e-17
germany50,unseen,267,bottleneck,gnn,0.9999994621762804,0.9999994621762804,0.0,0.0,8.735116927096845e-15
germany50,unseen,268,bottleneck,gnn,0.9999729733007137,0.9999729733007137,3.3477603628783055e-34,4.646439488694952e-24,2.6488889821958183e-05
germany50,unseen,269,bottleneck,gnn,0.9964506816197947,0.9964506816197947,2.1199593194186102e-28,5.5468691065388076e-15,0.0035487824651083823
germany50,unseen,270,gnn,gnn,0.9948814365091713,0.00394034605713576,4.311839338263543e-17,0.001178214677485769,0.9948814365091713
germany50,unseen,271,gnn,gnn,0.9875334185406608,0.010022670024990311,1.0785666100610986e-16,0.0024439047262279005,0.9875334185406608
germany50,unseen,272,bottleneck,gnn,0.9145840537898207,0.9145840537898207,5.73663096896265e-24,4.6822735503775214e-08,0.08541540750189644
germany50,unseen,273,bottleneck,gnn,0.999999460558391,0.999999460558391,0.0,4.2599450335546005e-43,1.6178991360298727e-09
germany50,unseen,274,bottleneck,gnn,0.9999994621762892,0.9999994621762892,0.0,0.0,1.184935361437707e-18
germany50,unseen,275,gnn,gnn,0.9106729841565835,0.0879781509941273,1.5706229760789859e-19,0.0013488168040611428,0.9106729841565835
germany50,unseen,276,gnn,gnn,0.6546088800492328,0.3448187372297908,6.45898196841253e-19,0.0005721969592601217,0.6546088800492328
germany50,unseen,277,bottleneck,bottleneck,0.9999994621762892,0.9999994621762892,0.0,0.0,2.6919832755068292e-20
germany50,unseen,278,bottleneck,gnn,0.9999994621762892,0.9999994621762892,0.0,0.0,2.9185345832349787e-19
germany50,unseen,279,bottleneck,gnn,0.9999994621743183,0.9999994621743183,0.0,0.0,1.9708051713812526e-12
germany50,unseen,280,bottleneck,gnn,0.9999994621762892,0.9999994621762892,0.0,0.0,1.9994525270181596e-19
germany50,unseen,281,bottleneck,gnn,0.9999994621762892,0.9999994621762892,0.0,0.0,2.6595119574919994e-22
germany50,unseen,282,bottleneck,gnn,0.9999994621762892,0.9999994621762892,0.0,0.0,2.2424069920158822e-21
germany50,unseen,283,bottleneck,gnn,0.9999994621373605,0.9999994621373605,0.0,0.0,3.892878168380907e-11
germany50,unseen,284,gnn,gnn,0.8740362379147535,0.07004926068550507,1.3557218444541873e-15,0.05591443365052259,0.8740362379147535
germany50,unseen,285,gnn,gnn,0.930210728968383,0.04199087923943872,1.367693245089314e-16,0.027798354254745628,0.930210728968383
germany50,unseen,286,gnn,gnn,0.9562271208881296,0.036960297947445264,1.7047229851124251e-16,0.006812557619138555,0.9562271208881296
germany50,unseen,287,bottleneck,sensitivity,0.7104694256533373,0.7104694256533373,1.3072972944298802e-14,0.13077130989720567,0.15875881200947445
topologyzoo_vtlwavenet2011,unseen,425,bottleneck,bottleneck,0.9999999994734649,0.9999999994734649,0.0,9.365709653114569e-45,1.3164637558897883e-12
topologyzoo_vtlwavenet2011,unseen,426,bottleneck,bottleneck,0.9999999994729186,0.9999999994729186,0.0,1.0164613992017301e-43,1.862679497508721e-12
topologyzoo_vtlwavenet2011,unseen,427,bottleneck,bottleneck,0.999999999474235,0.999999999474235,0.0,3.1885013868751836e-46,5.461658683204628e-13
topologyzoo_vtlwavenet2011,unseen,428,bottleneck,gnn,0.9999999994726866,0.9999999994726866,0.0,5.439610735111257e-45,2.094610291400612e-12
topologyzoo_vtlwavenet2011,unseen,429,bottleneck,bottleneck,0.9999999994709227,0.9999999994709227,0.0,1.955522953574912e-45,3.858556701276331e-12
topologyzoo_vtlwavenet2011,unseen,430,bottleneck,gnn,0.9999999994717865,0.9999999994717865,0.0,1.2155826265826816e-42,2.9946735179977778e-12
topologyzoo_vtlwavenet2011,unseen,431,bottleneck,bottleneck,0.9999999994700838,0.9999999994700838,0.0,7.291131068326375e-45,4.697401753276266e-12
topologyzoo_vtlwavenet2011,unseen,432,bottleneck,bottleneck,0.9999999994721361,0.9999999994721361,0.0,2.0106899119288923e-41,2.6451150283905547e-12
topologyzoo_vtlwavenet2011,unseen,433,bottleneck,bottleneck,0.9999999994531034,0.9999999994531034,0.0,2.1201481538975676e-44,2.1677937211219058e-11
topologyzoo_vtlwavenet2011,unseen,434,bottleneck,bottleneck,0.9999999994692489,0.9999999994692489,0.0,2.6780127356343973e-43,5.532358856286346e-12
topologyzoo_vtlwavenet2011,unseen,435,bottleneck,bottleneck,0.9999999994665179,0.9999999994665179,0.0,7.2721386571554345e-40,8.263466295709571e-12
topologyzoo_vtlwavenet2011,unseen,436,bottleneck,bottleneck,0.9999999994653925,0.9999999994653925,0.0,3.2832552621685887e-39,9.388753658389224e-12
topologyzoo_vtlwavenet2011,unseen,437,bottleneck,gnn,0.9999999994535201,0.9999999994535201,0.0,4.237822140197181e-40,2.126107969073172e-11
topologyzoo_vtlwavenet2011,unseen,438,bottleneck,bottleneck,0.9999999994446597,0.9999999994446597,0.0,5.320578365333066e-38,3.012164474506581e-11
topologyzoo_vtlwavenet2011,unseen,439,bottleneck,bottleneck,0.9999999994347014,0.9999999994347014,0.0,5.901017600715835e-37,4.0079828322428324e-11
topologyzoo_vtlwavenet2011,unseen,440,bottleneck,bottleneck,0.9999999993863268,0.9999999993863268,0.0,1.1240683123640479e-40,8.845445204198276e-11
topologyzoo_vtlwavenet2011,unseen,441,bottleneck,gnn,0.9999999993967017,0.9999999993967017,0.0,2.288434234591137e-35,7.807954278412784e-11
topologyzoo_vtlwavenet2011,unseen,442,bottleneck,bottleneck,0.9999999994142813,0.9999999994142813,0.0,3.227825120506787e-35,6.049998692923232e-11
topologyzoo_vtlwavenet2011,unseen,443,bottleneck,bottleneck,0.9999999992874339,0.9999999992874339,0.0,1.3458875824737213e-33,1.873473874700118e-10
topologyzoo_vtlwavenet2011,unseen,444,bottleneck,gnn,0.9999999991386466,0.9999999991386466,0.0,4.491547159828652e-32,3.3613459209293366e-10
topologyzoo_vtlwavenet2011,unseen,445,bottleneck,bottleneck,0.9999999992458881,0.9999999992458881,0.0,4.3478015163449545e-30,2.2889314037991082e-10
topologyzoo_vtlwavenet2011,unseen,446,bottleneck,bottleneck,0.9999999988023194,0.9999999988023194,0.0,5.773556283342345e-32,6.724618631654579e-10
topologyzoo_vtlwavenet2011,unseen,447,bottleneck,gnn,0.9999999990561652,0.9999999990561652,0.0,2.8457616063044963e-30,4.1861600257777816e-10
topologyzoo_vtlwavenet2011,unseen,448,bottleneck,bottleneck,0.9999999991879465,0.9999999991879465,0.0,1.0638748983138868e-29,2.868346946518493e-10
topologyzoo_vtlwavenet2011,unseen,449,bottleneck,bottleneck,0.9999999983904062,0.9999999983904062,0.0,3.1080516333172107e-30,1.0843750324650354e-09
topologyzoo_vtlwavenet2011,unseen,450,bottleneck,gnn,0.9999999977815242,0.9999999977815242,0.0,6.109159307308877e-29,1.6932570863398173e-09
topologyzoo_vtlwavenet2011,unseen,451,bottleneck,gnn,0.999999998715104,0.999999998715104,0.0,1.370276523994009e-27,7.596772090510148e-10
topologyzoo_vtlwavenet2011,unseen,452,bottleneck,bottleneck,0.9999999982213914,0.9999999982213914,0.0,6.098149490747346e-28,1.2533898341349595e-09
topologyzoo_vtlwavenet2011,unseen,453,bottleneck,bottleneck,0.9999999957931116,0.9999999957931116,0.0,8.006567713722793e-30,3.6816696203360183e-09
topologyzoo_vtlwavenet2011,unseen,454,bottleneck,gnn,0.9999999979328796,0.9999999979328796,0.0,1.5704725105884973e-27,1.5419016032071508e-09
topologyzoo_vtlwavenet2011,unseen,455,bottleneck,bottleneck,0.9999999983451107,0.9999999983451107,0.0,3.810758611524919e-27,1.1296705774334308e-09
topologyzoo_vtlwavenet2011,unseen,456,bottleneck,bottleneck,0.9999999989129237,0.9999999989129237,0.0,2.758182140701575e-25,5.618575598663261e-10
topologyzoo_vtlwavenet2011,unseen,457,bottleneck,gnn,0.9999999984276188,0.9999999984276188,0.0,1.6176195652194294e-27,1.0471624662022115e-09
topologyzoo_vtlwavenet2011,unseen,458,bottleneck,gnn,0.999999998337312,0.999999998337312,1.3684555292918896e-48,1.0043305560924652e-26,1.137469228025831e-09
topologyzoo_vtlwavenet2011,unseen,459,bottleneck,gnn,0.9999999980305389,0.9999999980305389,8.210733173232506e-48,1.31245484845059e-26,1.4442423895011502e-09
topologyzoo_vtlwavenet2011,unseen,460,bottleneck,bottleneck,0.9999999966243543,0.9999999966243543,0.0,9.551335961477499e-29,2.8504269959186916e-09
topologyzoo_vtlwavenet2011,unseen,461,bottleneck,bottleneck,0.9999999978188071,0.9999999978188071,0.0,2.3305418657043664e-30,1.6559741319828185e-09
topologyzoo_vtlwavenet2011,unseen,462,bottleneck,bottleneck,0.9999999983899345,0.9999999983899345,0.0,4.408514302397634e-28,1.0848467662269274e-09
topologyzoo_vtlwavenet2011,unseen,463,bottleneck,bottleneck,0.999999998559337,0.999999998559337,0.0,3.5979131370055494e-31,9.154442191095941e-10
topologyzoo_vtlwavenet2011,unseen,464,bottleneck,bottleneck,0.9999999982549947,0.9999999982549947,0.0,1.2653686499972918e-31,1.219786491904781e-09
topologyzoo_vtlwavenet2011,unseen,465,bottleneck,gnn,0.9999999987823612,0.9999999987823612,0.0,4.283582358423535e-29,6.92420009374514e-10
topologyzoo_vtlwavenet2011,unseen,466,bottleneck,bottleneck,0.9999999991813135,0.9999999991813135,0.0,1.3422910171897975e-29,2.934676943495638e-10
topologyzoo_vtlwavenet2011,unseen,467,bottleneck,bottleneck,0.9999999993025803,0.9999999993025803,0.0,2.088640208352188e-28,1.7220087843642027e-10
topologyzoo_vtlwavenet2011,unseen,468,bottleneck,gnn,0.9999999983728738,0.9999999983728738,0.0,8.11185892611927e-31,1.1019074523777718e-09
topologyzoo_vtlwavenet2011,unseen,469,bottleneck,bottleneck,0.9999999992824419,0.9999999992824419,0.0,2.166595833871908e-28,1.9233933876226787e-10
topologyzoo_vtlwavenet2011,unseen,470,bottleneck,bottleneck,0.9999999992203853,0.9999999992203853,0.0,6.777239205985338e-33,2.5439594855276524e-10
topologyzoo_vtlwavenet2011,unseen,471,bottleneck,bottleneck,0.9999999992776113,0.9999999992776113,0.0,1.723815885271968e-32,1.9717000240472005e-10
topologyzoo_vtlwavenet2011,unseen,472,bottleneck,bottleneck,0.9999999993649651,0.9999999993649651,0.0,3.5774936275489625e-31,1.0981616997661359e-10
topologyzoo_vtlwavenet2011,unseen,473,bottleneck,gnn,0.9999999994262336,0.9999999994262336,0.0,1.9425857798688355e-33,4.854768667618183e-11
topologyzoo_vtlwavenet2011,unseen,474,bottleneck,bottleneck,0.9999999994036736,0.9999999994036736,0.0,2.9897177769931287e-35,7.110768913887891e-11
topologyzoo_vtlwavenet2011,unseen,475,bottleneck,gnn,0.9999999994514068,0.9999999994514068,0.0,8.011213899424402e-37,2.3374345848814552e-11
topologyzoo_vtlwavenet2011,unseen,476,bottleneck,gnn,0.9999999994654925,0.9999999994654925,0.0,1.0897182087714206e-38,9.288720829201428e-12
topologyzoo_vtlwavenet2011,unseen,477,bottleneck,gnn,0.9999999994679918,0.9999999994679918,0.0,2.569324229276983e-37,6.7894899735649236e-12
topologyzoo_vtlwavenet2011,unseen,478,bottleneck,gnn,0.9999999994574135,0.9999999994574135,0.0,4.913372802796176e-40,1.7367820713833942e-11
topologyzoo_vtlwavenet2011,unseen,479,bottleneck,gnn,0.9999999994705994,0.9999999994705994,0.0,1.1575236082485297e-38,4.181926070579859e-12
topologyzoo_vtlwavenet2011,unseen,480,bottleneck,gnn,0.9999999994725417,0.9999999994725417,0.0,7.391893185991505e-42,2.23949136027139e-12
topologyzoo_vtlwavenet2011,unseen,481,bottleneck,gnn,0.9999999994729576,0.9999999994729576,0.0,6.325726745001422e-43,1.8237104525245544e-12
topologyzoo_vtlwavenet2011,unseen,482,bottleneck,gnn,0.9999999994724647,0.9999999994724647,0.0,3.8647921102132834e-44,2.3165597032573478e-12
topologyzoo_vtlwavenet2011,unseen,483,bottleneck,gnn,0.9999999994738765,0.9999999994738765,0.0,1.359601623562646e-43,9.047844933787538e-13
topologyzoo_vtlwavenet2011,unseen,484,bottleneck,gnn,0.9999999994739451,0.9999999994739451,0.0,6.537112070857655e-45,8.361188256451306e-13
topologyzoo_vtlwavenet2011,unseen,485,bottleneck,bottleneck,0.9999999994744185,0.9999999994744185,0.0,1.7666760903247282e-45,3.627404906657617e-13
topologyzoo_vtlwavenet2011,unseen,486,bottleneck,gnn,0.9999999994745318,0.9999999994745318,0.0,9.989725375191308e-47,2.4952457621729714e-13
topologyzoo_vtlwavenet2011,unseen,487,bottleneck,gnn,0.9999999994743592,0.9999999994743592,0.0,1.5244594613645477e-45,4.21938823719124e-13
topologyzoo_vtlwavenet2011,unseen,488,bottleneck,gnn,0.9999999994745121,0.9999999994745121,0.0,2.052683296272146e-47,2.6912814410791846e-13
topologyzoo_vtlwavenet2011,unseen,489,bottleneck,gnn,0.9999999994744259,0.9999999994744259,0.0,7.663350972748684e-47,3.5548706971543126e-13
topologyzoo_vtlwavenet2011,unseen,490,bottleneck,bottleneck,0.9999999994745746,0.9999999994745746,0.0,5.090654574755241e-46,2.0653829113551455e-13
topologyzoo_vtlwavenet2011,unseen,491,bottleneck,gnn,0.9999999994742292,0.9999999994742292,0.0,1.5053010839324813e-46,5.520360641398615e-13
topologyzoo_vtlwavenet2011,unseen,492,bottleneck,gnn,0.9999999994743748,0.9999999994743748,0.0,2.736911061695819e-48,4.065159665084679e-13
topologyzoo_vtlwavenet2011,unseen,493,bottleneck,bottleneck,0.9999999994743356,0.9999999994743356,0.0,5.473822123391423e-48,4.4570212297767096e-13
topologyzoo_vtlwavenet2011,unseen,494,bottleneck,gnn,0.9999999994741259,0.9999999994741259,0.0,0.0,6.553740294403777e-13
topologyzoo_vtlwavenet2011,unseen,495,bottleneck,gnn,0.9999999994744333,0.9999999994744333,0.0,2.0526832962719843e-47,3.4798021650741554e-13
topologyzoo_vtlwavenet2011,unseen,496,bottleneck,gnn,0.9999999994744188,0.9999999994744188,0.0,5.4738221233918784e-48,3.6246523883936666e-13
topologyzoo_vtlwavenet2011,unseen,497,bottleneck,gnn,0.9999999994743493,0.9999999994743493,0.0,1.3684555308478745e-48,4.3197943029785e-13
topologyzoo_vtlwavenet2011,unseen,498,bottleneck,gnn,0.9999999994744596,0.9999999994744596,0.0,1.3684555308480255e-48,3.216155638727331e-13
topologyzoo_vtlwavenet2011,unseen,499,bottleneck,gnn,0.9999999994747067,0.9999999994747067,0.0,0.0,7.443203764265418e-14
